"Date and Time Run 1","Time (s) Run 1","Position (mm) Run 1","Light Intensity (%) Run 1","Log of Light Intensity Run 1"
04/13/2025 08:27:01 pm,0.000,0.000000,36.9,3.6
04/13/2025 08:27:01 pm,0.050,0.000000,36.9,3.6
04/13/2025 08:27:01 pm,0.100,0.000000,36.9,3.6
04/13/2025 08:27:01 pm,0.150,0.000000,36.9,3.6
04/13/2025 08:27:01 pm,0.200,0.000000,36.9,3.6
04/13/2025 08:27:01 pm,0.250,0.000000,36.8,3.6
04/13/2025 08:27:01 pm,0.300,0.000000,36.9,3.6
04/13/2025 08:27:01 pm,0.350,0.000000,36.8,3.6
04/13/2025 08:27:01 pm,0.400,0.000000,36.9,3.6
04/13/2025 08:27:01 pm,0.450,0.000000,36.9,3.6
04/13/2025 08:27:01 pm,0.500,0.000000,36.9,3.6
04/13/2025 08:27:01 pm,0.550,0.000000,36.9,3.6
04/13/2025 08:27:01 pm,0.600,0.000000,36.9,3.6
04/13/2025 08:27:01 pm,0.650,0.000000,36.9,3.6
04/13/2025 08:27:01 pm,0.700,0.000000,36.9,3.6
04/13/2025 08:27:01 pm,0.750,0.000000,36.9,3.6
04/13/2025 08:27:01 pm,0.800,0.000000,37.0,3.6
04/13/2025 08:27:01 pm,0.850,0.000000,36.9,3.6
04/13/2025 08:27:01 pm,0.900,0.000000,36.9,3.6
04/13/2025 08:27:01 pm,0.950,0.000000,36.9,3.6
04/13/2025 08:27:02 pm,1.000,0.000000,36.9,3.6
04/13/2025 08:27:02 pm,1.050,0.000000,36.9,3.6
04/13/2025 08:27:02 pm,1.100,0.000000,36.8,3.6
04/13/2025 08:27:02 pm,1.150,0.000000,36.9,3.6
04/13/2025 08:27:02 pm,1.200,0.000000,36.8,3.6
04/13/2025 08:27:02 pm,1.250,0.000000,36.9,3.6
04/13/2025 08:27:02 pm,1.300,0.000000,36.8,3.6
04/13/2025 08:27:02 pm,1.350,0.000000,36.9,3.6
04/13/2025 08:27:02 pm,1.400,0.000000,36.8,3.6
04/13/2025 08:27:02 pm,1.450,0.000000,36.8,3.6
04/13/2025 08:27:02 pm,1.500,0.000000,36.8,3.6
04/13/2025 08:27:02 pm,1.550,0.000000,36.8,3.6
04/13/2025 08:27:02 pm,1.600,0.000000,36.9,3.6
04/13/2025 08:27:02 pm,1.650,0.000000,36.9,3.6
04/13/2025 08:27:02 pm,1.700,0.000000,36.9,3.6
04/13/2025 08:27:02 pm,1.750,0.000000,36.9,3.6
04/13/2025 08:27:02 pm,1.800,0.000000,36.9,3.6
04/13/2025 08:27:02 pm,1.850,0.000000,36.8,3.6
04/13/2025 08:27:02 pm,1.900,0.000000,36.9,3.6
04/13/2025 08:27:02 pm,1.950,0.000000,36.9,3.6
04/13/2025 08:27:03 pm,2.000,0.000000,36.9,3.6
04/13/2025 08:27:03 pm,2.050,0.000000,36.9,3.6
04/13/2025 08:27:03 pm,2.100,0.000000,36.9,3.6
04/13/2025 08:27:03 pm,2.150,0.000000,36.9,3.6
04/13/2025 08:27:03 pm,2.200,0.000000,36.9,3.6
04/13/2025 08:27:03 pm,2.250,0.000000,36.9,3.6
04/13/2025 08:27:03 pm,2.300,0.000000,36.9,3.6
04/13/2025 08:27:03 pm,2.350,0.000000,36.9,3.6
04/13/2025 08:27:03 pm,2.400,0.000000,36.9,3.6
04/13/2025 08:27:03 pm,2.450,0.000000,36.9,3.6
04/13/2025 08:27:03 pm,2.500,0.000000,36.9,3.6
04/13/2025 08:27:03 pm,2.550,0.000000,36.7,3.6
04/13/2025 08:27:03 pm,2.600,0.000000,36.8,3.6
04/13/2025 08:27:03 pm,2.650,0.000000,36.8,3.6
04/13/2025 08:27:03 pm,2.700,0.000000,36.9,3.6
04/13/2025 08:27:03 pm,2.750,0.000000,37.0,3.6
04/13/2025 08:27:03 pm,2.800,0.000000,36.9,3.6
04/13/2025 08:27:03 pm,2.850,0.000000,37.0,3.6
04/13/2025 08:27:03 pm,2.900,0.000000,36.9,3.6
04/13/2025 08:27:03 pm,2.950,0.000000,37.1,3.6
04/13/2025 08:27:04 pm,3.000,0.000000,30.8,3.5
04/13/2025 08:27:04 pm,3.050,0.000000,38.1,3.6
04/13/2025 08:27:04 pm,3.100,0.000000,36.5,3.6
04/13/2025 08:27:04 pm,3.150,0.000000,36.9,3.6
04/13/2025 08:27:04 pm,3.200,0.000000,36.8,3.6
04/13/2025 08:27:04 pm,3.250,0.000000,36.8,3.6
04/13/2025 08:27:04 pm,3.300,0.000000,36.7,3.6
04/13/2025 08:27:04 pm,3.350,0.000000,36.7,3.6
04/13/2025 08:27:04 pm,3.400,0.000000,36.7,3.6
04/13/2025 08:27:04 pm,3.450,0.000000,36.7,3.6
04/13/2025 08:27:04 pm,3.500,0.000000,36.8,3.6
04/13/2025 08:27:04 pm,3.550,0.000000,37.2,3.6
04/13/2025 08:27:04 pm,3.600,0.000000,37.3,3.6
04/13/2025 08:27:04 pm,3.650,0.000000,37.3,3.6
04/13/2025 08:27:04 pm,3.700,0.000000,37.3,3.6
04/13/2025 08:27:04 pm,3.750,0.000000,37.3,3.6
04/13/2025 08:27:04 pm,3.800,0.000000,37.5,3.6
04/13/2025 08:27:04 pm,3.850,0.000000,37.5,3.6
04/13/2025 08:27:04 pm,3.900,0.000000,37.6,3.6
04/13/2025 08:27:04 pm,3.950,0.000000,37.7,3.6
04/13/2025 08:27:05 pm,4.000,0.000000,37.7,3.6
04/13/2025 08:27:05 pm,4.050,0.000000,37.7,3.6
04/13/2025 08:27:05 pm,4.100,0.000000,37.6,3.6
04/13/2025 08:27:05 pm,4.150,0.000000,37.7,3.6
04/13/2025 08:27:05 pm,4.200,0.000000,37.6,3.6
04/13/2025 08:27:05 pm,4.250,0.000000,37.6,3.6
04/13/2025 08:27:05 pm,4.300,0.000000,37.6,3.6
04/13/2025 08:27:05 pm,4.350,0.000000,37.7,3.6
04/13/2025 08:27:05 pm,4.400,0.000000,37.6,3.6
04/13/2025 08:27:05 pm,4.450,0.000000,37.7,3.6
04/13/2025 08:27:05 pm,4.500,0.000000,37.6,3.6
04/13/2025 08:27:05 pm,4.550,0.000000,37.6,3.6
04/13/2025 08:27:05 pm,4.600,0.000000,37.5,3.6
04/13/2025 08:27:05 pm,4.650,0.000000,37.6,3.6
04/13/2025 08:27:05 pm,4.700,0.000000,37.4,3.6
04/13/2025 08:27:05 pm,4.750,0.000000,37.4,3.6
04/13/2025 08:27:05 pm,4.800,0.000000,37.4,3.6
04/13/2025 08:27:05 pm,4.850,0.000000,37.4,3.6
04/13/2025 08:27:05 pm,4.900,0.000000,37.4,3.6
04/13/2025 08:27:05 pm,4.950,0.000000,37.4,3.6
04/13/2025 08:27:06 pm,5.000,0.000000,37.4,3.6
04/13/2025 08:27:06 pm,5.050,0.000000,37.4,3.6
04/13/2025 08:27:06 pm,5.100,0.000000,37.4,3.6
04/13/2025 08:27:06 pm,5.150,0.000000,37.5,3.6
04/13/2025 08:27:06 pm,5.200,0.000000,37.5,3.6
04/13/2025 08:27:06 pm,5.250,0.000000,37.5,3.6
04/13/2025 08:27:06 pm,5.300,0.000000,37.5,3.6
04/13/2025 08:27:06 pm,5.350,0.000000,37.5,3.6
04/13/2025 08:27:06 pm,5.400,0.000000,37.5,3.6
04/13/2025 08:27:06 pm,5.450,0.000000,37.4,3.6
04/13/2025 08:27:06 pm,5.500,0.000000,37.5,3.6
04/13/2025 08:27:06 pm,5.550,0.000000,37.6,3.6
04/13/2025 08:27:06 pm,5.600,0.000000,37.4,3.6
04/13/2025 08:27:06 pm,5.650,0.000000,37.5,3.6
04/13/2025 08:27:06 pm,5.700,0.000000,37.5,3.6
04/13/2025 08:27:06 pm,5.750,0.000000,37.5,3.6
04/13/2025 08:27:06 pm,5.800,0.000000,37.4,3.6
04/13/2025 08:27:06 pm,5.850,0.000000,37.7,3.6
04/13/2025 08:27:06 pm,5.900,0.000000,37.9,3.6
04/13/2025 08:27:06 pm,5.950,0.000000,37.8,3.6
04/13/2025 08:27:07 pm,6.000,0.000000,37.5,3.6
04/13/2025 08:27:07 pm,6.050,0.000000,37.6,3.6
04/13/2025 08:27:07 pm,6.100,0.000000,37.5,3.6
04/13/2025 08:27:07 pm,6.150,0.000000,37.5,3.6
04/13/2025 08:27:07 pm,6.200,0.000000,37.5,3.6
04/13/2025 08:27:07 pm,6.250,0.000000,37.5,3.6
04/13/2025 08:27:07 pm,6.300,0.000000,37.6,3.6
04/13/2025 08:27:07 pm,6.350,0.000000,37.5,3.6
04/13/2025 08:27:07 pm,6.400,0.000000,37.5,3.6
04/13/2025 08:27:07 pm,6.450,0.000000,37.4,3.6
04/13/2025 08:27:07 pm,6.500,0.000000,37.5,3.6
04/13/2025 08:27:07 pm,6.550,0.000000,37.5,3.6
04/13/2025 08:27:07 pm,6.600,0.000000,37.5,3.6
04/13/2025 08:27:07 pm,6.650,0.000000,37.4,3.6
04/13/2025 08:27:07 pm,6.700,0.000000,37.6,3.6
04/13/2025 08:27:07 pm,6.750,0.000000,37.5,3.6
04/13/2025 08:27:07 pm,6.800,0.000000,37.5,3.6
04/13/2025 08:27:07 pm,6.850,0.000000,37.6,3.6
04/13/2025 08:27:07 pm,6.900,0.000000,37.2,3.6
04/13/2025 08:27:07 pm,6.950,0.000000,37.3,3.6
04/13/2025 08:27:08 pm,7.000,0.000000,38.0,3.6
04/13/2025 08:27:08 pm,7.050,0.000000,37.9,3.6
04/13/2025 08:27:08 pm,7.100,0.000000,37.9,3.6
04/13/2025 08:27:08 pm,7.150,0.000000,37.9,3.6
04/13/2025 08:27:08 pm,7.200,0.000000,38.2,3.6
04/13/2025 08:27:08 pm,7.250,0.000000,38.2,3.6
04/13/2025 08:27:08 pm,7.300,0.000000,38.3,3.6
04/13/2025 08:27:08 pm,7.350,0.000000,38.3,3.6
04/13/2025 08:27:08 pm,7.400,0.000000,38.1,3.6
04/13/2025 08:27:08 pm,7.450,0.000000,38.2,3.6
04/13/2025 08:27:08 pm,7.500,0.000000,38.1,3.6
04/13/2025 08:27:08 pm,7.550,0.000000,38.0,3.6
04/13/2025 08:27:08 pm,7.600,0.000000,38.1,3.6
04/13/2025 08:27:08 pm,7.650,0.000000,38.2,3.6
04/13/2025 08:27:08 pm,7.700,0.000000,38.5,3.6
04/13/2025 08:27:08 pm,7.750,0.000000,38.3,3.6
04/13/2025 08:27:08 pm,7.800,0.000000,38.5,3.6
04/13/2025 08:27:08 pm,7.850,0.000000,38.5,3.6
04/13/2025 08:27:08 pm,7.900,0.000000,38.8,3.6
04/13/2025 08:27:08 pm,7.950,0.000000,39.2,3.6
04/13/2025 08:27:09 pm,8.000,0.000000,39.1,3.6
04/13/2025 08:27:09 pm,8.050,0.000000,39.1,3.6
04/13/2025 08:27:09 pm,8.100,0.000000,39.1,3.6
04/13/2025 08:27:09 pm,8.150,0.000000,39.1,3.6
04/13/2025 08:27:09 pm,8.200,0.000000,38.9,3.6
04/13/2025 08:27:09 pm,8.250,0.000000,38.8,3.6
04/13/2025 08:27:09 pm,8.300,0.000000,38.7,3.6
04/13/2025 08:27:09 pm,8.350,0.000000,39.2,3.6
04/13/2025 08:27:09 pm,8.400,0.030000,39.8,3.6
04/13/2025 08:27:09 pm,8.450,0.195000,39.5,3.6
04/13/2025 08:27:09 pm,8.500,0.320000,36.6,3.6
04/13/2025 08:27:09 pm,8.550,0.365000,36.4,3.6
04/13/2025 08:27:09 pm,8.600,0.500000,34.2,3.5
04/13/2025 08:27:09 pm,8.650,0.540000,33.3,3.5
04/13/2025 08:27:09 pm,8.700,0.580000,32.0,3.5
04/13/2025 08:27:09 pm,8.750,0.615000,31.2,3.5
04/13/2025 08:27:09 pm,8.800,0.670000,30.2,3.5
04/13/2025 08:27:09 pm,8.850,0.740000,28.9,3.5
04/13/2025 08:27:09 pm,8.900,0.785000,28.1,3.4
04/13/2025 08:27:09 pm,8.950,0.800000,28.4,3.5
04/13/2025 08:27:10 pm,9.000,0.825000,28.4,3.5
04/13/2025 08:27:10 pm,9.050,0.860000,27.7,3.4
04/13/2025 08:27:10 pm,9.100,0.900000,26.9,3.4
04/13/2025 08:27:10 pm,9.150,0.990000,25.0,3.4
04/13/2025 08:27:10 pm,9.200,1.095000,22.8,3.4
04/13/2025 08:27:10 pm,9.250,1.190000,21.3,3.3
04/13/2025 08:27:10 pm,9.300,1.355000,18.5,3.3
04/13/2025 08:27:10 pm,9.350,1.485000,16.4,3.2
04/13/2025 08:27:10 pm,9.400,1.655000,12.9,3.1
04/13/2025 08:27:10 pm,9.450,1.735000,12.0,3.1
04/13/2025 08:27:10 pm,9.500,1.870000,9.3,3.0
04/13/2025 08:27:10 pm,9.550,1.920000,8.5,2.9
04/13/2025 08:27:10 pm,9.600,2.015000,6.8,2.8
04/13/2025 08:27:10 pm,9.650,2.120000,5.8,2.8
04/13/2025 08:27:10 pm,9.700,2.255000,3.7,2.6
04/13/2025 08:27:10 pm,9.750,2.390000,2.8,2.4
04/13/2025 08:27:10 pm,9.800,2.550000,1.8,2.3
04/13/2025 08:27:10 pm,9.850,2.685000,1.3,2.1
04/13/2025 08:27:10 pm,9.900,2.865000,0.8,1.9
04/13/2025 08:27:10 pm,9.950,3.030000,0.6,1.8
04/13/2025 08:27:11 pm,10.000,3.205000,0.6,1.7
04/13/2025 08:27:11 pm,10.050,3.500000,0.7,1.8
04/13/2025 08:27:11 pm,10.100,3.860000,1.3,2.1
04/13/2025 08:27:11 pm,10.150,4.075000,1.6,2.2
04/13/2025 08:27:11 pm,10.200,4.375000,2.1,2.3
04/13/2025 08:27:11 pm,10.250,4.605000,2.2,2.3
04/13/2025 08:27:11 pm,10.300,4.875000,2.3,2.4
04/13/2025 08:27:11 pm,10.350,5.040000,2.2,2.3
04/13/2025 08:27:11 pm,10.400,5.225000,2.0,2.3
04/13/2025 08:27:11 pm,10.450,5.420000,1.8,2.3
04/13/2025 08:27:11 pm,10.500,5.630000,1.5,2.2
04/13/2025 08:27:11 pm,10.550,5.880000,1.2,2.1
04/13/2025 08:27:11 pm,10.600,6.035000,1.0,2.0
04/13/2025 08:27:11 pm,10.650,6.200000,0.8,1.9
04/13/2025 08:27:11 pm,10.700,6.345000,0.6,1.8
04/13/2025 08:27:11 pm,10.750,6.500000,0.6,1.7
04/13/2025 08:27:11 pm,10.800,6.685000,0.5,1.7
04/13/2025 08:27:11 pm,10.850,6.945000,0.5,1.7
04/13/2025 08:27:11 pm,10.900,7.195000,0.6,1.8
04/13/2025 08:27:11 pm,10.950,7.350000,0.7,1.8
04/13/2025 08:27:12 pm,11.000,7.455000,0.7,1.8
04/13/2025 08:27:12 pm,11.050,7.670000,0.8,1.9
04/13/2025 08:27:12 pm,11.100,7.895000,0.9,2.0
04/13/2025 08:27:12 pm,11.150,8.090000,1.1,2.0
04/13/2025 08:27:12 pm,11.200,8.230000,1.1,2.0
04/13/2025 08:27:12 pm,11.250,8.310000,1.1,2.0
04/13/2025 08:27:12 pm,11.300,8.510000,1.1,2.1
04/13/2025 08:27:12 pm,11.350,8.570000,1.1,2.1
04/13/2025 08:27:12 pm,11.400,8.690000,1.1,2.1
04/13/2025 08:27:12 pm,11.450,8.825000,1.1,2.0
04/13/2025 08:27:12 pm,11.500,8.870000,1.1,2.0
04/13/2025 08:27:12 pm,11.550,8.970000,1.1,2.0
04/13/2025 08:27:12 pm,11.600,9.070000,1.0,2.0
04/13/2025 08:27:12 pm,11.650,9.155000,1.0,2.0
04/13/2025 08:27:12 pm,11.700,9.270000,0.9,2.0
04/13/2025 08:27:12 pm,11.750,9.370000,0.9,1.9
04/13/2025 08:27:12 pm,11.800,9.425000,0.8,1.9
04/13/2025 08:27:12 pm,11.850,9.470000,0.8,1.9
04/13/2025 08:27:12 pm,11.900,9.530000,0.8,1.9
04/13/2025 08:27:12 pm,11.950,9.615000,0.7,1.9
04/13/2025 08:27:13 pm,12.000,9.740000,0.6,1.8
04/13/2025 08:27:13 pm,12.050,9.825000,0.6,1.8
04/13/2025 08:27:13 pm,12.100,9.890000,0.6,1.7
04/13/2025 08:27:13 pm,12.150,9.930000,0.5,1.7
04/13/2025 08:27:13 pm,12.200,9.990000,0.5,1.7
04/13/2025 08:27:13 pm,12.250,10.095000,0.5,1.7
04/13/2025 08:27:13 pm,12.300,10.185000,0.5,1.7
04/13/2025 08:27:13 pm,12.350,10.265000,0.5,1.7
04/13/2025 08:27:13 pm,12.400,10.335000,0.4,1.6
04/13/2025 08:27:13 pm,12.450,10.400000,0.4,1.6
04/13/2025 08:27:13 pm,12.500,10.510000,0.4,1.6
04/13/2025 08:27:13 pm,12.550,10.580000,0.4,1.6
04/13/2025 08:27:13 pm,12.600,10.685000,0.5,1.7
04/13/2025 08:27:13 pm,12.650,10.840000,0.5,1.7
04/13/2025 08:27:13 pm,12.700,11.080000,0.5,1.7
04/13/2025 08:27:13 pm,12.750,11.230000,0.6,1.7
04/13/2025 08:27:13 pm,12.800,11.330000,0.6,1.8
04/13/2025 08:27:13 pm,12.850,11.415000,0.6,1.8
04/13/2025 08:27:13 pm,12.900,11.510000,0.7,1.8
04/13/2025 08:27:13 pm,12.950,11.590000,0.7,1.8
04/13/2025 08:27:14 pm,13.000,11.690000,0.7,1.9
04/13/2025 08:27:14 pm,13.050,11.730000,0.7,1.9
04/13/2025 08:27:14 pm,13.100,11.785000,0.7,1.9
04/13/2025 08:27:14 pm,13.150,11.790000,0.7,1.9
04/13/2025 08:27:14 pm,13.200,11.885000,0.8,1.9
04/13/2025 08:27:14 pm,13.250,11.970000,0.8,1.9
04/13/2025 08:27:14 pm,13.300,12.035000,0.8,1.9
04/13/2025 08:27:14 pm,13.350,12.135000,0.8,1.9
04/13/2025 08:27:14 pm,13.400,12.285000,0.8,1.9
04/13/2025 08:27:14 pm,13.450,12.445000,0.8,1.9
04/13/2025 08:27:14 pm,13.500,12.570000,0.7,1.9
04/13/2025 08:27:14 pm,13.550,12.745000,0.7,1.8
04/13/2025 08:27:14 pm,13.600,12.920000,0.7,1.8
04/13/2025 08:27:14 pm,13.650,13.130000,0.6,1.8
04/13/2025 08:27:14 pm,13.700,13.385000,0.5,1.7
04/13/2025 08:27:14 pm,13.750,13.625000,0.5,1.7
04/13/2025 08:27:14 pm,13.800,13.785000,0.5,1.7
04/13/2025 08:27:14 pm,13.850,13.910000,0.4,1.6
04/13/2025 08:27:14 pm,13.900,13.945000,0.4,1.6
04/13/2025 08:27:14 pm,13.950,14.050000,0.5,1.7
04/13/2025 08:27:15 pm,14.000,14.215000,0.4,1.7
04/13/2025 08:27:15 pm,14.050,14.325000,0.4,1.7
04/13/2025 08:27:15 pm,14.100,14.455000,0.5,1.7
04/13/2025 08:27:15 pm,14.150,14.615000,0.5,1.7
04/13/2025 08:27:15 pm,14.200,14.695000,0.5,1.7
04/13/2025 08:27:15 pm,14.250,14.840000,0.5,1.7
04/13/2025 08:27:15 pm,14.300,14.945000,0.5,1.7
04/13/2025 08:27:15 pm,14.350,15.060000,0.5,1.7
04/13/2025 08:27:15 pm,14.400,15.210000,0.6,1.8
04/13/2025 08:27:15 pm,14.450,15.295000,0.6,1.8
04/13/2025 08:27:15 pm,14.500,15.405000,0.6,1.8
04/13/2025 08:27:15 pm,14.550,15.590000,0.6,1.8
04/13/2025 08:27:15 pm,14.600,15.915000,0.6,1.8
04/13/2025 08:27:15 pm,14.650,15.950000,0.6,1.8
04/13/2025 08:27:15 pm,14.700,16.020000,0.6,1.8
04/13/2025 08:27:15 pm,14.750,16.180000,0.6,1.8
04/13/2025 08:27:15 pm,14.800,16.355000,0.6,1.8
04/13/2025 08:27:15 pm,14.850,16.570000,0.6,1.7
04/13/2025 08:27:15 pm,14.900,16.820000,0.5,1.7
04/13/2025 08:27:15 pm,14.950,17.020000,0.5,1.7
04/13/2025 08:27:16 pm,15.000,17.210000,0.5,1.7
04/13/2025 08:27:16 pm,15.050,17.255000,0.5,1.7
04/13/2025 08:27:16 pm,15.100,17.415000,0.5,1.7
04/13/2025 08:27:16 pm,15.150,17.640000,0.4,1.6
04/13/2025 08:27:16 pm,15.200,17.820000,0.4,1.6
04/13/2025 08:27:16 pm,15.250,18.100000,0.4,1.6
04/13/2025 08:27:16 pm,15.300,18.275000,0.5,1.7
04/13/2025 08:27:16 pm,15.350,18.390000,0.5,1.7
04/13/2025 08:27:16 pm,15.400,18.465000,0.5,1.7
04/13/2025 08:27:16 pm,15.450,18.640000,0.5,1.7
04/13/2025 08:27:16 pm,15.500,18.750000,0.5,1.7
04/13/2025 08:27:16 pm,15.550,18.955000,0.5,1.7
04/13/2025 08:27:16 pm,15.600,19.055000,0.5,1.7
04/13/2025 08:27:16 pm,15.650,19.165000,0.6,1.7
04/13/2025 08:27:16 pm,15.700,19.270000,0.6,1.8
04/13/2025 08:27:16 pm,15.750,19.475000,0.6,1.8
04/13/2025 08:27:16 pm,15.800,19.565000,0.6,1.8
04/13/2025 08:27:16 pm,15.850,19.690000,0.6,1.8
04/13/2025 08:27:16 pm,15.900,19.760000,0.6,1.8
04/13/2025 08:27:16 pm,15.950,19.830000,0.6,1.8
04/13/2025 08:27:17 pm,16.000,19.945000,0.6,1.8
04/13/2025 08:27:17 pm,16.050,20.005000,0.6,1.7
04/13/2025 08:27:17 pm,16.100,20.145000,0.6,1.7
04/13/2025 08:27:17 pm,16.150,20.275000,0.5,1.7
04/13/2025 08:27:17 pm,16.200,20.450000,0.5,1.7
04/13/2025 08:27:17 pm,16.250,20.620000,0.5,1.7
04/13/2025 08:27:17 pm,16.300,20.770000,0.5,1.7
04/13/2025 08:27:17 pm,16.350,20.920000,0.5,1.7
04/13/2025 08:27:17 pm,16.400,21.055000,0.4,1.6
04/13/2025 08:27:17 pm,16.450,21.180000,0.4,1.6
04/13/2025 08:27:17 pm,16.500,21.290000,0.4,1.6
04/13/2025 08:27:17 pm,16.550,21.355000,0.4,1.6
04/13/2025 08:27:17 pm,16.600,21.450000,0.4,1.6
04/13/2025 08:27:17 pm,16.650,21.560000,0.4,1.6
04/13/2025 08:27:17 pm,16.700,21.650000,0.4,1.6
04/13/2025 08:27:17 pm,16.750,21.720000,0.4,1.6
04/13/2025 08:27:17 pm,16.800,21.830000,0.4,1.7
04/13/2025 08:27:17 pm,16.850,21.915000,0.5,1.7
04/13/2025 08:27:17 pm,16.900,22.005000,0.4,1.7
04/13/2025 08:27:17 pm,16.950,22.085000,0.5,1.7
04/13/2025 08:27:18 pm,17.000,22.180000,0.5,1.7
04/13/2025 08:27:18 pm,17.050,22.245000,0.5,1.7
04/13/2025 08:27:18 pm,17.100,22.305000,0.5,1.7
04/13/2025 08:27:18 pm,17.150,22.365000,0.5,1.7
04/13/2025 08:27:18 pm,17.200,22.420000,0.5,1.7
04/13/2025 08:27:18 pm,17.250,22.420000,0.5,1.7
04/13/2025 08:27:18 pm,17.300,22.420000,0.5,1.7
04/13/2025 08:27:18 pm,17.350,22.465000,0.5,1.7
04/13/2025 08:27:18 pm,17.400,22.555000,0.5,1.7
04/13/2025 08:27:18 pm,17.450,22.645000,0.5,1.7
04/13/2025 08:27:18 pm,17.500,22.735000,0.5,1.7
04/13/2025 08:27:18 pm,17.550,22.835000,0.5,1.7
04/13/2025 08:27:18 pm,17.600,23.060000,0.5,1.7
04/13/2025 08:27:18 pm,17.650,23.270000,0.5,1.7
04/13/2025 08:27:18 pm,17.700,23.335000,0.5,1.7
04/13/2025 08:27:18 pm,17.750,23.480000,0.5,1.7
04/13/2025 08:27:18 pm,17.800,23.550000,0.5,1.7
04/13/2025 08:27:18 pm,17.850,23.675000,0.5,1.7
04/13/2025 08:27:18 pm,17.900,23.890000,0.5,1.7
04/13/2025 08:27:18 pm,17.950,23.955000,0.5,1.7
04/13/2025 08:27:19 pm,18.000,24.045000,0.5,1.7
04/13/2025 08:27:19 pm,18.050,24.155000,0.5,1.7
04/13/2025 08:27:19 pm,18.100,24.320000,0.5,1.7
04/13/2025 08:27:19 pm,18.150,24.445000,0.5,1.7
04/13/2025 08:27:19 pm,18.200,24.630000,0.4,1.6
04/13/2025 08:27:19 pm,18.250,24.830000,0.4,1.6
04/13/2025 08:27:19 pm,18.300,25.015000,0.4,1.6
04/13/2025 08:27:19 pm,18.350,25.195000,0.4,1.6
04/13/2025 08:27:19 pm,18.400,25.310000,0.4,1.6
04/13/2025 08:27:19 pm,18.450,25.360000,0.4,1.6
04/13/2025 08:27:19 pm,18.500,25.485000,0.5,1.7
04/13/2025 08:27:19 pm,18.550,25.550000,0.4,1.7
04/13/2025 08:27:19 pm,18.600,25.730000,0.4,1.6
04/13/2025 08:27:19 pm,18.650,25.905000,0.5,1.7
04/13/2025 08:27:19 pm,18.700,26.025000,0.5,1.7
04/13/2025 08:27:19 pm,18.750,26.235000,0.5,1.7
04/13/2025 08:27:19 pm,18.800,26.520000,0.5,1.7
04/13/2025 08:27:19 pm,18.850,26.625000,0.5,1.7
04/13/2025 08:27:19 pm,18.900,26.720000,0.5,1.7
04/13/2025 08:27:19 pm,18.950,26.790000,0.5,1.7
04/13/2025 08:27:20 pm,19.000,26.880000,0.5,1.7
04/13/2025 08:27:20 pm,19.050,26.945000,0.5,1.7
04/13/2025 08:27:20 pm,19.100,26.995000,0.5,1.7
04/13/2025 08:27:20 pm,19.150,27.135000,0.5,1.7
04/13/2025 08:27:20 pm,19.200,27.165000,0.5,1.7
04/13/2025 08:27:20 pm,19.250,27.250000,0.5,1.7
04/13/2025 08:27:20 pm,19.300,27.270000,0.5,1.7
04/13/2025 08:27:20 pm,19.350,27.340000,0.5,1.7
04/13/2025 08:27:20 pm,19.400,27.355000,0.5,1.7
04/13/2025 08:27:20 pm,19.450,27.540000,0.5,1.7
04/13/2025 08:27:20 pm,19.500,27.690000,0.5,1.7
04/13/2025 08:27:20 pm,19.550,27.850000,0.5,1.7
04/13/2025 08:27:20 pm,19.600,27.990000,0.5,1.7
04/13/2025 08:27:20 pm,19.650,28.210000,0.5,1.7
04/13/2025 08:27:20 pm,19.700,28.585000,0.4,1.6
04/13/2025 08:27:20 pm,19.750,28.790000,0.4,1.6
04/13/2025 08:27:20 pm,19.800,28.955000,0.4,1.6
04/13/2025 08:27:20 pm,19.850,29.110000,0.4,1.6
04/13/2025 08:27:20 pm,19.900,29.245000,0.4,1.6
04/13/2025 08:27:20 pm,19.950,29.335000,0.4,1.6
04/13/2025 08:27:21 pm,20.000,29.430000,0.5,1.7
04/13/2025 08:27:21 pm,20.050,29.565000,0.5,1.7
04/13/2025 08:27:21 pm,20.100,29.700000,0.5,1.7
04/13/2025 08:27:21 pm,20.150,29.815000,0.5,1.7
04/13/2025 08:27:21 pm,20.200,29.910000,0.5,1.7
04/13/2025 08:27:21 pm,20.250,30.095000,0.5,1.7
04/13/2025 08:27:21 pm,20.300,30.215000,0.5,1.7
04/13/2025 08:27:21 pm,20.350,30.315000,0.5,1.7
04/13/2025 08:27:21 pm,20.400,30.440000,0.5,1.7
04/13/2025 08:27:21 pm,20.450,30.595000,0.5,1.7
04/13/2025 08:27:21 pm,20.500,30.705000,0.5,1.7
04/13/2025 08:27:21 pm,20.550,30.840000,0.5,1.7
04/13/2025 08:27:21 pm,20.600,30.995000,0.5,1.7
04/13/2025 08:27:21 pm,20.650,31.170000,0.5,1.7
04/13/2025 08:27:21 pm,20.700,31.350000,0.5,1.7
04/13/2025 08:27:21 pm,20.750,31.560000,0.5,1.7
04/13/2025 08:27:21 pm,20.800,31.660000,0.4,1.7
04/13/2025 08:27:21 pm,20.850,31.760000,0.4,1.6
04/13/2025 08:27:21 pm,20.900,31.835000,0.5,1.7
04/13/2025 08:27:21 pm,20.950,31.905000,0.4,1.6
04/13/2025 08:27:22 pm,21.000,31.985000,0.4,1.6
04/13/2025 08:27:22 pm,21.050,32.030000,0.4,1.6
04/13/2025 08:27:22 pm,21.100,32.100000,0.4,1.6
04/13/2025 08:27:22 pm,21.150,32.165000,0.4,1.6
04/13/2025 08:27:22 pm,21.200,32.250000,0.4,1.6
04/13/2025 08:27:22 pm,21.250,32.370000,0.4,1.6
04/13/2025 08:27:22 pm,21.300,32.445000,0.4,1.6
04/13/2025 08:27:22 pm,21.350,32.535000,0.4,1.6
04/13/2025 08:27:22 pm,21.400,32.660000,0.4,1.6
04/13/2025 08:27:22 pm,21.450,32.810000,0.4,1.7
04/13/2025 08:27:22 pm,21.500,32.995000,0.4,1.6
04/13/2025 08:27:22 pm,21.550,33.195000,0.5,1.7
04/13/2025 08:27:22 pm,21.600,33.470000,0.5,1.7
04/13/2025 08:27:22 pm,21.650,33.685000,0.5,1.7
04/13/2025 08:27:22 pm,21.700,33.725000,0.5,1.7
04/13/2025 08:27:22 pm,21.750,33.750000,0.5,1.7
04/13/2025 08:27:22 pm,21.800,33.830000,0.5,1.7
04/13/2025 08:27:22 pm,21.850,33.955000,0.5,1.7
04/13/2025 08:27:22 pm,21.900,34.155000,0.5,1.7
04/13/2025 08:27:22 pm,21.950,34.335000,0.5,1.7
04/13/2025 08:27:23 pm,22.000,34.460000,0.5,1.7
04/13/2025 08:27:23 pm,22.050,34.625000,0.5,1.7
04/13/2025 08:27:23 pm,22.100,34.785000,0.5,1.7
04/13/2025 08:27:23 pm,22.150,35.130000,0.5,1.7
04/13/2025 08:27:23 pm,22.200,35.430000,0.4,1.6
04/13/2025 08:27:23 pm,22.250,35.620000,0.4,1.6
04/13/2025 08:27:23 pm,22.300,35.895000,0.4,1.6
04/13/2025 08:27:23 pm,22.350,36.175000,0.4,1.6
04/13/2025 08:27:23 pm,22.400,36.380000,0.4,1.6
04/13/2025 08:27:23 pm,22.450,36.655000,0.4,1.6
04/13/2025 08:27:23 pm,22.500,36.920000,0.5,1.7
04/13/2025 08:27:23 pm,22.550,37.285000,0.4,1.6
04/13/2025 08:27:23 pm,22.600,37.860000,0.5,1.7
04/13/2025 08:27:23 pm,22.650,38.195000,0.5,1.7
04/13/2025 08:27:23 pm,22.700,38.470000,0.4,1.7
04/13/2025 08:27:23 pm,22.750,38.750000,0.5,1.7
04/13/2025 08:27:23 pm,22.800,39.035000,0.4,1.6
04/13/2025 08:27:23 pm,22.850,39.225000,0.4,1.6
04/13/2025 08:27:23 pm,22.900,39.380000,0.4,1.6
04/13/2025 08:27:23 pm,22.950,39.495000,0.4,1.6
04/13/2025 08:27:24 pm,23.000,39.530000,0.4,1.6
04/13/2025 08:27:24 pm,23.050,39.615000,0.4,1.6
04/13/2025 08:27:24 pm,23.100,39.775000,0.4,1.6
04/13/2025 08:27:24 pm,23.150,39.895000,0.4,1.6
04/13/2025 08:27:24 pm,23.200,40.035000,0.4,1.6
04/13/2025 08:27:24 pm,23.250,40.195000,0.4,1.6
04/13/2025 08:27:24 pm,23.300,40.410000,0.4,1.6
04/13/2025 08:27:24 pm,23.350,40.650000,0.4,1.7
04/13/2025 08:27:24 pm,23.400,40.760000,0.4,1.6
04/13/2025 08:27:24 pm,23.450,40.930000,0.5,1.7
04/13/2025 08:27:24 pm,23.500,41.060000,0.4,1.7
04/13/2025 08:27:24 pm,23.550,41.205000,0.5,1.7
04/13/2025 08:27:24 pm,23.600,41.375000,0.5,1.7
04/13/2025 08:27:24 pm,23.650,41.500000,0.5,1.7
04/13/2025 08:27:24 pm,23.700,41.725000,0.5,1.7
04/13/2025 08:27:24 pm,23.750,41.840000,0.4,1.7
04/13/2025 08:27:24 pm,23.800,42.000000,0.5,1.7
04/13/2025 08:27:24 pm,23.850,42.145000,0.5,1.7
04/13/2025 08:27:24 pm,23.900,42.280000,0.5,1.7
04/13/2025 08:27:24 pm,23.950,42.480000,0.4,1.6
04/13/2025 08:27:25 pm,24.000,42.660000,0.5,1.7
04/13/2025 08:27:25 pm,24.050,42.835000,0.4,1.6
04/13/2025 08:27:25 pm,24.100,42.900000,0.4,1.6
04/13/2025 08:27:25 pm,24.150,42.990000,0.4,1.6
04/13/2025 08:27:25 pm,24.200,43.170000,0.4,1.6
04/13/2025 08:27:25 pm,24.250,43.325000,0.4,1.6
04/13/2025 08:27:25 pm,24.300,43.535000,0.4,1.6
04/13/2025 08:27:25 pm,24.350,43.595000,0.4,1.6
04/13/2025 08:27:25 pm,24.400,43.705000,0.4,1.6
04/13/2025 08:27:25 pm,24.450,43.710000,0.4,1.6
04/13/2025 08:27:25 pm,24.500,43.760000,0.4,1.6
04/13/2025 08:27:25 pm,24.550,43.895000,0.4,1.6
04/13/2025 08:27:25 pm,24.600,44.035000,0.4,1.6
04/13/2025 08:27:25 pm,24.650,44.220000,0.4,1.6
04/13/2025 08:27:25 pm,24.700,44.390000,0.4,1.6
04/13/2025 08:27:25 pm,24.750,44.510000,0.4,1.7
04/13/2025 08:27:25 pm,24.800,44.750000,0.4,1.7
04/13/2025 08:27:25 pm,24.850,44.870000,0.4,1.7
04/13/2025 08:27:25 pm,24.900,44.880000,0.5,1.7
04/13/2025 08:27:25 pm,24.950,44.930000,0.4,1.6
04/13/2025 08:27:26 pm,25.000,44.955000,0.5,1.7
04/13/2025 08:27:26 pm,25.050,44.975000,0.5,1.7
04/13/2025 08:27:26 pm,25.100,45.100000,0.5,1.7
04/13/2025 08:27:26 pm,25.150,45.175000,0.5,1.7
04/13/2025 08:27:26 pm,25.200,45.220000,0.5,1.7
04/13/2025 08:27:26 pm,25.250,45.290000,0.4,1.7
04/13/2025 08:27:26 pm,25.300,45.375000,0.4,1.6
04/13/2025 08:27:26 pm,25.350,45.405000,0.5,1.7
04/13/2025 08:27:26 pm,25.400,45.525000,0.5,1.7
04/13/2025 08:27:26 pm,25.450,45.575000,0.4,1.6
04/13/2025 08:27:26 pm,25.500,45.575000,0.4,1.7
04/13/2025 08:27:26 pm,25.550,45.700000,0.5,1.7
04/13/2025 08:27:26 pm,25.600,45.840000,0.4,1.6
04/13/2025 08:27:26 pm,25.650,45.915000,0.4,1.6
04/13/2025 08:27:26 pm,25.700,46.030000,0.4,1.6
04/13/2025 08:27:26 pm,25.750,46.060000,0.4,1.6
04/13/2025 08:27:26 pm,25.800,46.170000,0.4,1.6
04/13/2025 08:27:26 pm,25.850,46.280000,0.4,1.6
04/13/2025 08:27:26 pm,25.900,46.465000,0.4,1.6
04/13/2025 08:27:26 pm,25.950,46.710000,0.4,1.6
04/13/2025 08:27:27 pm,26.000,46.990000,0.4,1.6
04/13/2025 08:27:27 pm,26.050,47.330000,0.4,1.6
04/13/2025 08:27:27 pm,26.100,47.600000,0.4,1.6
04/13/2025 08:27:27 pm,26.150,47.780000,0.4,1.6
04/13/2025 08:27:27 pm,26.200,47.920000,0.4,1.6
04/13/2025 08:27:27 pm,26.250,48.045000,0.5,1.7
04/13/2025 08:27:27 pm,26.300,48.200000,0.4,1.6
04/13/2025 08:27:27 pm,26.350,48.455000,0.4,1.6
04/13/2025 08:27:27 pm,26.400,48.535000,0.4,1.6
04/13/2025 08:27:27 pm,26.450,48.675000,0.5,1.7
04/13/2025 08:27:27 pm,26.500,48.765000,0.4,1.6
04/13/2025 08:27:27 pm,26.550,48.910000,0.5,1.7
04/13/2025 08:27:27 pm,26.600,49.040000,0.5,1.7
04/13/2025 08:27:27 pm,26.650,49.155000,0.5,1.7
04/13/2025 08:27:27 pm,26.700,49.160000,0.5,1.7
04/13/2025 08:27:27 pm,26.750,49.230000,0.4,1.6
04/13/2025 08:27:27 pm,26.800,49.275000,0.4,1.6
04/13/2025 08:27:27 pm,26.850,49.315000,0.4,1.7
04/13/2025 08:27:27 pm,26.900,49.370000,0.4,1.7
04/13/2025 08:27:27 pm,26.950,49.420000,0.4,1.7
04/13/2025 08:27:28 pm,27.000,49.455000,0.4,1.6
04/13/2025 08:27:28 pm,27.050,49.505000,0.4,1.6
04/13/2025 08:27:28 pm,27.100,49.560000,0.4,1.7
04/13/2025 08:27:28 pm,27.150,49.640000,0.4,1.6
04/13/2025 08:27:28 pm,27.200,49.705000,0.4,1.6
04/13/2025 08:27:28 pm,27.250,49.775000,0.4,1.6
04/13/2025 08:27:28 pm,27.300,49.890000,0.4,1.6
04/13/2025 08:27:28 pm,27.350,49.955000,0.4,1.6
04/13/2025 08:27:28 pm,27.400,50.005000,0.4,1.6
04/13/2025 08:27:28 pm,27.450,50.075000,0.4,1.6
04/13/2025 08:27:28 pm,27.500,50.185000,0.4,1.6
04/13/2025 08:27:28 pm,27.550,50.290000,0.4,1.6
04/13/2025 08:27:28 pm,27.600,50.395000,0.4,1.6
04/13/2025 08:27:28 pm,27.650,50.515000,0.4,1.6
04/13/2025 08:27:28 pm,27.700,50.610000,0.4,1.6
04/13/2025 08:27:28 pm,27.750,50.770000,0.4,1.6
04/13/2025 08:27:28 pm,27.800,50.890000,0.4,1.6
04/13/2025 08:27:28 pm,27.850,51.035000,0.4,1.6
04/13/2025 08:27:28 pm,27.900,51.150000,0.4,1.6
04/13/2025 08:27:28 pm,27.950,51.265000,0.4,1.6
04/13/2025 08:27:29 pm,28.000,51.410000,0.4,1.6
04/13/2025 08:27:29 pm,28.050,51.500000,0.4,1.6
04/13/2025 08:27:29 pm,28.100,51.605000,0.4,1.6
04/13/2025 08:27:29 pm,28.150,51.700000,0.4,1.6
04/13/2025 08:27:29 pm,28.200,51.795000,0.4,1.7
04/13/2025 08:27:29 pm,28.250,51.870000,0.4,1.6
04/13/2025 08:27:29 pm,28.300,51.965000,0.4,1.6
04/13/2025 08:27:29 pm,28.350,52.100000,0.4,1.7
04/13/2025 08:27:29 pm,28.400,52.175000,0.4,1.7
04/13/2025 08:27:29 pm,28.450,52.195000,0.4,1.7
04/13/2025 08:27:29 pm,28.500,52.275000,0.4,1.6
04/13/2025 08:27:29 pm,28.550,52.390000,0.5,1.7
04/13/2025 08:27:29 pm,28.600,52.455000,0.4,1.6
04/13/2025 08:27:29 pm,28.650,52.500000,0.4,1.6
04/13/2025 08:27:29 pm,28.700,52.580000,0.4,1.6
04/13/2025 08:27:29 pm,28.750,52.740000,0.5,1.7
04/13/2025 08:27:29 pm,28.800,52.855000,0.4,1.6
04/13/2025 08:27:29 pm,28.850,52.890000,0.4,1.6
04/13/2025 08:27:29 pm,28.900,52.980000,0.4,1.6
04/13/2025 08:27:29 pm,28.950,53.110000,0.4,1.6
04/13/2025 08:27:30 pm,29.000,53.240000,0.4,1.6
04/13/2025 08:27:30 pm,29.050,53.410000,0.4,1.6
04/13/2025 08:27:30 pm,29.100,53.765000,0.4,1.6
04/13/2025 08:27:30 pm,29.150,53.820000,0.4,1.6
04/13/2025 08:27:30 pm,29.200,53.925000,0.4,1.6
04/13/2025 08:27:30 pm,29.250,54.100000,0.4,1.6
04/13/2025 08:27:30 pm,29.300,54.325000,0.4,1.6
04/13/2025 08:27:30 pm,29.350,54.540000,0.4,1.6
04/13/2025 08:27:30 pm,29.400,54.735000,0.4,1.6
04/13/2025 08:27:30 pm,29.450,54.970000,0.4,1.6
04/13/2025 08:27:30 pm,29.500,55.170000,0.4,1.6
04/13/2025 08:27:30 pm,29.550,55.405000,0.4,1.6
04/13/2025 08:27:30 pm,29.600,55.630000,0.4,1.6
04/13/2025 08:27:30 pm,29.650,55.815000,0.4,1.6
04/13/2025 08:27:30 pm,29.700,55.975000,0.5,1.7
04/13/2025 08:27:30 pm,29.750,56.145000,0.4,1.6
04/13/2025 08:27:30 pm,29.800,56.335000,0.4,1.6
04/13/2025 08:27:30 pm,29.850,56.785000,0.4,1.6
04/13/2025 08:27:30 pm,29.900,57.240000,0.4,1.6
04/13/2025 08:27:30 pm,29.950,57.490000,0.4,1.6
04/13/2025 08:27:31 pm,30.000,57.755000,0.4,1.6
04/13/2025 08:27:31 pm,30.050,58.105000,0.4,1.6
04/13/2025 08:27:31 pm,30.100,58.635000,0.4,1.6
04/13/2025 08:27:31 pm,30.150,58.795000,0.4,1.6
04/13/2025 08:27:31 pm,30.200,59.010000,0.4,1.6
04/13/2025 08:27:31 pm,30.250,59.055000,0.4,1.6
04/13/2025 08:27:31 pm,30.300,59.140000,0.4,1.6
04/13/2025 08:27:31 pm,30.350,59.205000,0.4,1.6
04/13/2025 08:27:31 pm,30.400,59.310000,0.4,1.7
04/13/2025 08:27:31 pm,30.450,59.350000,0.4,1.6
04/13/2025 08:27:31 pm,30.500,59.445000,0.4,1.6
04/13/2025 08:27:31 pm,30.550,59.630000,0.4,1.7
04/13/2025 08:27:31 pm,30.600,59.775000,0.4,1.6
04/13/2025 08:27:31 pm,30.650,59.880000,0.4,1.6
04/13/2025 08:27:31 pm,30.700,59.975000,0.4,1.6
04/13/2025 08:27:31 pm,30.750,60.090000,0.4,1.6
04/13/2025 08:27:31 pm,30.800,60.165000,0.4,1.6
04/13/2025 08:27:31 pm,30.850,60.305000,0.4,1.6
04/13/2025 08:27:31 pm,30.900,60.495000,0.4,1.6
04/13/2025 08:27:31 pm,30.950,60.715000,0.4,1.6
04/13/2025 08:27:32 pm,31.000,60.960000,0.4,1.6
04/13/2025 08:27:32 pm,31.050,61.115000,0.4,1.6
04/13/2025 08:27:32 pm,31.100,61.290000,0.4,1.6
04/13/2025 08:27:32 pm,31.150,61.405000,0.4,1.6
04/13/2025 08:27:32 pm,31.200,61.535000,0.4,1.6
04/13/2025 08:27:32 pm,31.250,61.630000,0.4,1.6
04/13/2025 08:27:32 pm,31.300,61.710000,0.4,1.6
04/13/2025 08:27:32 pm,31.350,61.790000,0.4,1.6
04/13/2025 08:27:32 pm,31.400,61.895000,0.4,1.6
04/13/2025 08:27:32 pm,31.450,62.010000,0.4,1.6
04/13/2025 08:27:32 pm,31.500,62.095000,0.4,1.6
04/13/2025 08:27:32 pm,31.550,62.225000,0.4,1.6
04/13/2025 08:27:32 pm,31.600,62.340000,0.4,1.6
04/13/2025 08:27:32 pm,31.650,62.415000,0.4,1.6
04/13/2025 08:27:32 pm,31.700,62.535000,0.4,1.6
04/13/2025 08:27:32 pm,31.750,62.765000,0.4,1.6
04/13/2025 08:27:32 pm,31.800,62.925000,0.4,1.6
04/13/2025 08:27:32 pm,31.850,63.075000,0.4,1.6
04/13/2025 08:27:32 pm,31.900,63.205000,0.4,1.6
04/13/2025 08:27:32 pm,31.950,63.375000,0.4,1.6
04/13/2025 08:27:33 pm,32.000,63.440000,0.4,1.6
04/13/2025 08:27:33 pm,32.050,63.530000,0.4,1.6
04/13/2025 08:27:33 pm,32.100,63.595000,0.4,1.6
04/13/2025 08:27:33 pm,32.150,63.630000,0.4,1.6
04/13/2025 08:27:33 pm,32.200,63.760000,0.4,1.6
04/13/2025 08:27:33 pm,32.250,63.885000,0.4,1.6
04/13/2025 08:27:33 pm,32.300,63.970000,0.4,1.6
04/13/2025 08:27:33 pm,32.350,64.105000,0.4,1.6
04/13/2025 08:27:33 pm,32.400,64.255000,0.4,1.6
04/13/2025 08:27:33 pm,32.450,64.405000,0.4,1.6
04/13/2025 08:27:33 pm,32.500,64.630000,0.4,1.6
04/13/2025 08:27:33 pm,32.550,64.865000,0.4,1.6
04/13/2025 08:27:33 pm,32.600,65.110000,0.4,1.6
04/13/2025 08:27:33 pm,32.650,65.280000,0.4,1.6
04/13/2025 08:27:33 pm,32.700,65.495000,0.4,1.6
04/13/2025 08:27:33 pm,32.750,65.695000,0.4,1.6
04/13/2025 08:27:33 pm,32.800,65.875000,0.4,1.7
04/13/2025 08:27:33 pm,32.850,66.100000,0.4,1.6
04/13/2025 08:27:33 pm,32.900,66.320000,0.4,1.6
04/13/2025 08:27:33 pm,32.950,66.470000,0.4,1.6
04/13/2025 08:27:34 pm,33.000,66.575000,0.4,1.6
04/13/2025 08:27:34 pm,33.050,66.705000,0.4,1.6
04/13/2025 08:27:34 pm,33.100,66.830000,0.4,1.6
04/13/2025 08:27:34 pm,33.150,66.965000,0.4,1.7
04/13/2025 08:27:34 pm,33.200,67.085000,0.4,1.6
04/13/2025 08:27:34 pm,33.250,67.225000,0.4,1.6
04/13/2025 08:27:34 pm,33.300,67.340000,0.4,1.6
04/13/2025 08:27:34 pm,33.350,67.540000,0.4,1.6
04/13/2025 08:27:34 pm,33.400,67.665000,0.4,1.6
04/13/2025 08:27:34 pm,33.450,67.895000,0.4,1.6
04/13/2025 08:27:34 pm,33.500,68.120000,0.4,1.6
04/13/2025 08:27:34 pm,33.550,68.375000,0.4,1.6
04/13/2025 08:27:34 pm,33.600,68.575000,0.4,1.6
04/13/2025 08:27:34 pm,33.650,68.745000,0.4,1.6
04/13/2025 08:27:34 pm,33.700,68.865000,0.4,1.6
04/13/2025 08:27:34 pm,33.750,68.965000,0.4,1.6
04/13/2025 08:27:34 pm,33.800,69.060000,0.4,1.6
04/13/2025 08:27:34 pm,33.850,69.160000,0.4,1.6
04/13/2025 08:27:34 pm,33.900,69.270000,0.4,1.6
04/13/2025 08:27:34 pm,33.950,69.425000,0.4,1.6
04/13/2025 08:27:35 pm,34.000,69.525000,0.4,1.6
04/13/2025 08:27:35 pm,34.050,69.615000,0.4,1.6
04/13/2025 08:27:35 pm,34.100,69.810000,0.4,1.6
04/13/2025 08:27:35 pm,34.150,69.950000,0.4,1.6
04/13/2025 08:27:35 pm,34.200,70.040000,0.4,1.6
04/13/2025 08:27:35 pm,34.250,70.290000,0.4,1.6
04/13/2025 08:27:35 pm,34.300,70.360000,0.4,1.6
04/13/2025 08:27:35 pm,34.350,70.410000,0.4,1.6
04/13/2025 08:27:35 pm,34.400,70.480000,0.4,1.6
04/13/2025 08:27:35 pm,34.450,70.620000,0.4,1.6
04/13/2025 08:27:35 pm,34.500,70.730000,0.4,1.6
04/13/2025 08:27:35 pm,34.550,70.825000,0.4,1.6
04/13/2025 08:27:35 pm,34.600,70.990000,0.4,1.6
04/13/2025 08:27:35 pm,34.650,71.080000,0.4,1.6
04/13/2025 08:27:35 pm,34.700,71.230000,0.4,1.6
04/13/2025 08:27:35 pm,34.750,71.345000,0.4,1.6
04/13/2025 08:27:35 pm,34.800,71.585000,0.4,1.6
04/13/2025 08:27:35 pm,34.850,71.695000,0.4,1.6
04/13/2025 08:27:35 pm,34.900,71.770000,0.4,1.6
04/13/2025 08:27:35 pm,34.950,71.895000,0.4,1.6
04/13/2025 08:27:36 pm,35.000,71.990000,0.4,1.6
04/13/2025 08:27:36 pm,35.050,72.125000,0.4,1.6
04/13/2025 08:27:36 pm,35.100,72.170000,0.4,1.6
04/13/2025 08:27:36 pm,35.150,72.240000,0.4,1.6
04/13/2025 08:27:36 pm,35.200,72.355000,0.4,1.6
04/13/2025 08:27:36 pm,35.250,72.530000,0.4,1.6
04/13/2025 08:27:36 pm,35.300,72.600000,0.4,1.6
04/13/2025 08:27:36 pm,35.350,72.750000,0.4,1.6
04/13/2025 08:27:36 pm,35.400,72.845000,0.4,1.6
04/13/2025 08:27:36 pm,35.450,72.990000,0.4,1.6
04/13/2025 08:27:36 pm,35.500,73.105000,0.4,1.6
04/13/2025 08:27:36 pm,35.550,73.240000,0.4,1.6
04/13/2025 08:27:36 pm,35.600,73.505000,0.4,1.6
04/13/2025 08:27:36 pm,35.650,73.590000,0.4,1.6
04/13/2025 08:27:36 pm,35.700,73.845000,0.4,1.6
04/13/2025 08:27:36 pm,35.750,73.935000,0.4,1.6
04/13/2025 08:27:36 pm,35.800,74.085000,0.4,1.6
04/13/2025 08:27:36 pm,35.850,74.345000,0.4,1.6
04/13/2025 08:27:36 pm,35.900,74.495000,0.4,1.6
04/13/2025 08:27:36 pm,35.950,74.640000,0.4,1.6
04/13/2025 08:27:37 pm,36.000,74.840000,0.4,1.6
04/13/2025 08:27:37 pm,36.050,75.020000,0.4,1.6
04/13/2025 08:27:37 pm,36.100,75.225000,0.4,1.6
04/13/2025 08:27:37 pm,36.150,75.470000,0.4,1.6
04/13/2025 08:27:37 pm,36.200,75.645000,0.4,1.6
04/13/2025 08:27:37 pm,36.250,75.895000,0.4,1.6
04/13/2025 08:27:37 pm,36.300,76.170000,0.4,1.6
04/13/2025 08:27:37 pm,36.350,76.490000,0.4,1.6
04/13/2025 08:27:37 pm,36.400,76.745000,0.4,1.6
04/13/2025 08:27:37 pm,36.450,76.850000,0.4,1.6
04/13/2025 08:27:37 pm,36.500,76.990000,0.4,1.6
04/13/2025 08:27:37 pm,36.550,77.105000,0.4,1.6
04/13/2025 08:27:37 pm,36.600,77.270000,0.4,1.6
04/13/2025 08:27:37 pm,36.650,77.440000,0.4,1.6
04/13/2025 08:27:37 pm,36.700,77.555000,0.4,1.6
04/13/2025 08:27:37 pm,36.750,77.665000,0.4,1.6
04/13/2025 08:27:37 pm,36.800,77.785000,0.4,1.6
04/13/2025 08:27:37 pm,36.850,77.935000,0.4,1.6
04/13/2025 08:27:37 pm,36.900,78.160000,0.4,1.6
04/13/2025 08:27:37 pm,36.950,78.275000,0.4,1.6
04/13/2025 08:27:38 pm,37.000,78.450000,0.4,1.6
04/13/2025 08:27:38 pm,37.050,78.550000,0.4,1.6
04/13/2025 08:27:38 pm,37.100,78.650000,0.4,1.6
04/13/2025 08:27:38 pm,37.150,78.750000,0.4,1.6
04/13/2025 08:27:38 pm,37.200,78.900000,0.4,1.6
04/13/2025 08:27:38 pm,37.250,79.085000,0.4,1.6
04/13/2025 08:27:38 pm,37.300,79.195000,0.4,1.6
04/13/2025 08:27:38 pm,37.350,79.455000,0.4,1.6
04/13/2025 08:27:38 pm,37.400,79.550000,0.4,1.6
04/13/2025 08:27:38 pm,37.450,79.745000,0.4,1.6
04/13/2025 08:27:38 pm,37.500,79.845000,0.4,1.6
04/13/2025 08:27:38 pm,37.550,79.895000,0.4,1.6
04/13/2025 08:27:38 pm,37.600,79.985000,0.4,1.6
04/13/2025 08:27:38 pm,37.650,80.080000,0.4,1.6
04/13/2025 08:27:38 pm,37.700,80.210000,0.4,1.6
04/13/2025 08:27:38 pm,37.750,80.295000,0.4,1.6
04/13/2025 08:27:38 pm,37.800,80.365000,0.4,1.6
04/13/2025 08:27:38 pm,37.850,80.405000,0.4,1.6
04/13/2025 08:27:38 pm,37.900,80.420000,0.4,1.6
04/13/2025 08:27:38 pm,37.950,80.425000,0.4,1.6
04/13/2025 08:27:39 pm,38.000,80.460000,0.4,1.6
04/13/2025 08:27:39 pm,38.050,80.530000,0.4,1.6
04/13/2025 08:27:39 pm,38.100,80.540000,0.4,1.6
04/13/2025 08:27:39 pm,38.150,80.540000,0.4,1.6
04/13/2025 08:27:39 pm,38.200,80.540000,0.4,1.6
04/13/2025 08:27:39 pm,38.250,80.540000,0.4,1.6
04/13/2025 08:27:39 pm,38.300,80.540000,0.4,1.6
04/13/2025 08:27:39 pm,38.350,80.540000,0.4,1.6
04/13/2025 08:27:39 pm,38.400,80.555000,0.4,1.6
04/13/2025 08:27:39 pm,38.450,80.625000,0.4,1.6
04/13/2025 08:27:39 pm,38.500,80.660000,0.4,1.6
04/13/2025 08:27:39 pm,38.550,80.770000,0.4,1.6
04/13/2025 08:27:39 pm,38.600,80.795000,0.4,1.6
04/13/2025 08:27:39 pm,38.650,80.925000,0.4,1.6
04/13/2025 08:27:39 pm,38.700,81.035000,0.4,1.6
04/13/2025 08:27:39 pm,38.750,81.155000,0.4,1.6
04/13/2025 08:27:39 pm,38.800,81.270000,0.4,1.6
04/13/2025 08:27:39 pm,38.850,81.360000,0.4,1.6
04/13/2025 08:27:39 pm,38.900,81.450000,0.4,1.6
04/13/2025 08:27:39 pm,38.950,81.560000,0.4,1.6
04/13/2025 08:27:40 pm,39.000,81.650000,0.4,1.6
04/13/2025 08:27:40 pm,39.050,81.785000,0.4,1.6
04/13/2025 08:27:40 pm,39.100,81.900000,0.4,1.6
04/13/2025 08:27:40 pm,39.150,82.035000,0.4,1.6
04/13/2025 08:27:40 pm,39.200,82.170000,0.4,1.6
04/13/2025 08:27:40 pm,39.250,82.275000,0.4,1.6
04/13/2025 08:27:40 pm,39.300,82.365000,0.4,1.6
04/13/2025 08:27:40 pm,39.350,82.475000,0.4,1.6
04/13/2025 08:27:40 pm,39.400,82.565000,0.4,1.6
04/13/2025 08:27:40 pm,39.450,82.710000,0.4,1.6
04/13/2025 08:27:40 pm,39.500,82.820000,0.4,1.6
04/13/2025 08:27:40 pm,39.550,82.920000,0.4,1.6
04/13/2025 08:27:40 pm,39.600,83.010000,0.4,1.6
04/13/2025 08:27:40 pm,39.650,83.135000,0.4,1.6
04/13/2025 08:27:40 pm,39.700,83.155000,0.4,1.6
04/13/2025 08:27:40 pm,39.750,83.250000,0.4,1.6
04/13/2025 08:27:40 pm,39.800,83.485000,0.4,1.6
04/13/2025 08:27:40 pm,39.850,83.890000,0.4,1.6
04/13/2025 08:27:40 pm,39.900,84.010000,0.4,1.6
04/13/2025 08:27:40 pm,39.950,84.125000,0.4,1.6
04/13/2025 08:27:41 pm,40.000,84.265000,0.4,1.6
04/13/2025 08:27:41 pm,40.050,84.390000,0.4,1.6
04/13/2025 08:27:41 pm,40.100,84.575000,0.4,1.6
04/13/2025 08:27:41 pm,40.150,84.745000,0.4,1.6
04/13/2025 08:27:41 pm,40.200,84.850000,0.4,1.6
04/13/2025 08:27:41 pm,40.250,84.985000,0.4,1.6
04/13/2025 08:27:41 pm,40.300,85.070000,0.4,1.6
04/13/2025 08:27:41 pm,40.350,85.240000,0.4,1.6
04/13/2025 08:27:41 pm,40.400,85.400000,0.4,1.6
04/13/2025 08:27:41 pm,40.450,85.570000,0.4,1.6
04/13/2025 08:27:41 pm,40.500,85.725000,0.4,1.6
04/13/2025 08:27:41 pm,40.550,85.950000,0.4,1.6
04/13/2025 08:27:41 pm,40.600,86.195000,0.4,1.6
04/13/2025 08:27:41 pm,40.650,86.470000,0.4,1.6
04/13/2025 08:27:41 pm,40.700,86.715000,0.4,1.6
04/13/2025 08:27:41 pm,40.750,86.930000,0.4,1.6
04/13/2025 08:27:41 pm,40.800,87.050000,0.4,1.6
04/13/2025 08:27:41 pm,40.850,87.205000,0.4,1.6
04/13/2025 08:27:41 pm,40.900,87.340000,0.4,1.6
04/13/2025 08:27:41 pm,40.950,87.375000,0.4,1.6
04/13/2025 08:27:42 pm,41.000,87.390000,0.4,1.6
04/13/2025 08:27:42 pm,41.050,87.390000,0.4,1.6
04/13/2025 08:27:42 pm,41.100,87.390000,0.4,1.6
04/13/2025 08:27:42 pm,41.150,87.390000,0.4,1.6
04/13/2025 08:27:42 pm,41.200,87.390000,0.4,1.6
04/13/2025 08:27:42 pm,41.250,87.390000,0.4,1.6
04/13/2025 08:27:42 pm,41.300,87.390000,0.4,1.6
04/13/2025 08:27:42 pm,41.350,87.390000,0.4,1.6
04/13/2025 08:27:42 pm,41.400,87.370000,0.4,1.6
04/13/2025 08:27:42 pm,41.450,87.345000,0.4,1.6
04/13/2025 08:27:42 pm,41.500,87.325000,0.4,1.6
04/13/2025 08:27:42 pm,41.550,87.285000,0.4,1.6
04/13/2025 08:27:42 pm,41.600,87.255000,0.4,1.6
04/13/2025 08:27:42 pm,41.650,87.140000,0.4,1.6
04/13/2025 08:27:42 pm,41.700,87.000000,0.4,1.6
04/13/2025 08:27:42 pm,41.750,86.885000,0.4,1.6
04/13/2025 08:27:42 pm,41.800,86.705000,0.4,1.6
04/13/2025 08:27:42 pm,41.850,86.430000,0.4,1.6
04/13/2025 08:27:42 pm,41.900,86.145000,0.4,1.6
04/13/2025 08:27:42 pm,41.950,85.905000,0.4,1.6
04/13/2025 08:27:43 pm,42.000,85.615000,0.4,1.6
04/13/2025 08:27:43 pm,42.050,85.370000,0.4,1.6
04/13/2025 08:27:43 pm,42.100,85.255000,0.4,1.6
04/13/2025 08:27:43 pm,42.150,85.050000,0.4,1.6
04/13/2025 08:27:43 pm,42.200,84.960000,0.4,1.6
04/13/2025 08:27:43 pm,42.250,84.860000,0.4,1.6
04/13/2025 08:27:43 pm,42.300,84.770000,0.4,1.6
04/13/2025 08:27:43 pm,42.350,84.710000,0.4,1.6
04/13/2025 08:27:43 pm,42.400,84.665000,0.4,1.6
04/13/2025 08:27:43 pm,42.450,84.665000,0.4,1.6
04/13/2025 08:27:43 pm,42.500,84.665000,0.4,1.6
04/13/2025 08:27:43 pm,42.550,84.665000,0.4,1.6
04/13/2025 08:27:43 pm,42.600,84.665000,0.4,1.6
04/13/2025 08:27:43 pm,42.650,84.665000,0.4,1.6
04/13/2025 08:27:43 pm,42.700,84.665000,0.4,1.6
04/13/2025 08:27:43 pm,42.750,84.665000,0.4,1.6
04/13/2025 08:27:43 pm,42.800,84.615000,0.4,1.6
04/13/2025 08:27:43 pm,42.850,84.345000,0.4,1.6
04/13/2025 08:27:43 pm,42.900,84.190000,0.4,1.6
04/13/2025 08:27:43 pm,42.950,83.975000,0.4,1.6
04/13/2025 08:27:44 pm,43.000,83.790000,0.4,1.6
04/13/2025 08:27:44 pm,43.050,83.685000,0.4,1.6
04/13/2025 08:27:44 pm,43.100,83.395000,0.4,1.6
04/13/2025 08:27:44 pm,43.150,83.365000,0.4,1.6
04/13/2025 08:27:44 pm,43.200,83.125000,0.4,1.6
04/13/2025 08:27:44 pm,43.250,82.975000,0.4,1.6
04/13/2025 08:27:44 pm,43.300,82.810000,0.4,1.6
04/13/2025 08:27:44 pm,43.350,82.670000,0.4,1.6
04/13/2025 08:27:44 pm,43.400,82.495000,0.4,1.6
04/13/2025 08:27:44 pm,43.450,82.285000,0.4,1.6
04/13/2025 08:27:44 pm,43.500,81.990000,0.4,1.6
04/13/2025 08:27:44 pm,43.550,81.760000,0.4,1.6
04/13/2025 08:27:44 pm,43.600,81.510000,0.4,1.6
04/13/2025 08:27:44 pm,43.650,81.230000,0.4,1.6
04/13/2025 08:27:44 pm,43.700,80.795000,0.4,1.6
04/13/2025 08:27:44 pm,43.750,80.530000,0.4,1.6
04/13/2025 08:27:44 pm,43.800,80.150000,0.4,1.6
04/13/2025 08:27:44 pm,43.850,79.850000,0.4,1.6
04/13/2025 08:27:44 pm,43.900,79.645000,0.4,1.6
04/13/2025 08:27:44 pm,43.950,79.575000,0.4,1.6
04/13/2025 08:27:45 pm,44.000,79.355000,0.4,1.6
04/13/2025 08:27:45 pm,44.050,79.145000,0.4,1.6
04/13/2025 08:27:45 pm,44.100,78.990000,0.4,1.6
04/13/2025 08:27:45 pm,44.150,78.810000,0.4,1.6
04/13/2025 08:27:45 pm,44.200,78.675000,0.4,1.6
04/13/2025 08:27:45 pm,44.250,78.530000,0.4,1.6
04/13/2025 08:27:45 pm,44.300,78.435000,0.4,1.6
04/13/2025 08:27:45 pm,44.350,78.290000,0.4,1.6
04/13/2025 08:27:45 pm,44.400,78.255000,0.4,1.6
04/13/2025 08:27:45 pm,44.450,78.180000,0.4,1.6
04/13/2025 08:27:45 pm,44.500,78.095000,0.4,1.6
04/13/2025 08:27:45 pm,44.550,77.925000,0.4,1.6
04/13/2025 08:27:45 pm,44.600,77.865000,0.4,1.6
04/13/2025 08:27:45 pm,44.650,77.775000,0.4,1.6
04/13/2025 08:27:45 pm,44.700,77.620000,0.4,1.6
04/13/2025 08:27:45 pm,44.750,77.295000,0.4,1.6
04/13/2025 08:27:45 pm,44.800,76.940000,0.4,1.6
04/13/2025 08:27:45 pm,44.850,76.815000,0.4,1.6
04/13/2025 08:27:45 pm,44.900,76.600000,0.4,1.6
04/13/2025 08:27:45 pm,44.950,76.445000,0.4,1.6
04/13/2025 08:27:46 pm,45.000,76.280000,0.4,1.6
04/13/2025 08:27:46 pm,45.050,76.145000,0.4,1.6
04/13/2025 08:27:46 pm,45.100,76.075000,0.4,1.6
04/13/2025 08:27:46 pm,45.150,76.025000,0.4,1.6
04/13/2025 08:27:46 pm,45.200,76.000000,0.4,1.6
04/13/2025 08:27:46 pm,45.250,75.990000,0.4,1.6
04/13/2025 08:27:46 pm,45.300,75.870000,0.4,1.6
04/13/2025 08:27:46 pm,45.350,75.745000,0.4,1.6
04/13/2025 08:27:46 pm,45.400,75.605000,0.4,1.6
04/13/2025 08:27:46 pm,45.450,75.520000,0.4,1.6
04/13/2025 08:27:46 pm,45.500,75.460000,0.4,1.6
04/13/2025 08:27:46 pm,45.550,75.455000,0.4,1.6
04/13/2025 08:27:46 pm,45.600,75.375000,0.4,1.6
04/13/2025 08:27:46 pm,45.650,75.240000,0.4,1.6
04/13/2025 08:27:46 pm,45.700,75.235000,0.4,1.6
04/13/2025 08:27:46 pm,45.750,75.235000,0.4,1.6
04/13/2025 08:27:46 pm,45.800,75.230000,0.4,1.6
04/13/2025 08:27:46 pm,45.850,74.980000,0.4,1.6
04/13/2025 08:27:46 pm,45.900,74.865000,0.4,1.6
04/13/2025 08:27:46 pm,45.950,74.800000,0.4,1.6
04/13/2025 08:27:47 pm,46.000,74.725000,0.4,1.6
04/13/2025 08:27:47 pm,46.050,74.640000,0.4,1.6
04/13/2025 08:27:47 pm,46.100,74.595000,0.4,1.6
04/13/2025 08:27:47 pm,46.150,74.555000,0.4,1.6
04/13/2025 08:27:47 pm,46.200,74.555000,0.4,1.6
04/13/2025 08:27:47 pm,46.250,74.540000,0.4,1.6
04/13/2025 08:27:47 pm,46.300,74.400000,0.4,1.6
04/13/2025 08:27:47 pm,46.350,74.385000,0.4,1.6
04/13/2025 08:27:47 pm,46.400,74.310000,0.4,1.6
04/13/2025 08:27:47 pm,46.450,74.020000,0.4,1.6
04/13/2025 08:27:47 pm,46.500,73.970000,0.4,1.6
04/13/2025 08:27:47 pm,46.550,73.860000,0.4,1.6
04/13/2025 08:27:47 pm,46.600,73.795000,0.4,1.6
04/13/2025 08:27:47 pm,46.650,73.770000,0.4,1.6
04/13/2025 08:27:47 pm,46.700,73.450000,0.4,1.6
04/13/2025 08:27:47 pm,46.750,73.255000,0.4,1.6
04/13/2025 08:27:47 pm,46.800,72.940000,0.4,1.6
04/13/2025 08:27:47 pm,46.850,72.835000,0.4,1.6
04/13/2025 08:27:47 pm,46.900,72.780000,0.4,1.6
04/13/2025 08:27:47 pm,46.950,72.665000,0.4,1.6
04/13/2025 08:27:48 pm,47.000,72.590000,0.4,1.6
04/13/2025 08:27:48 pm,47.050,72.535000,0.4,1.6
04/13/2025 08:27:48 pm,47.100,72.310000,0.4,1.6
04/13/2025 08:27:48 pm,47.150,72.130000,0.4,1.6
04/13/2025 08:27:48 pm,47.200,71.995000,0.4,1.6
04/13/2025 08:27:48 pm,47.250,71.760000,0.4,1.6
04/13/2025 08:27:48 pm,47.300,71.700000,0.4,1.6
04/13/2025 08:27:48 pm,47.350,71.610000,0.4,1.6
04/13/2025 08:27:48 pm,47.400,71.510000,0.4,1.6
04/13/2025 08:27:48 pm,47.450,71.305000,0.4,1.6
04/13/2025 08:27:48 pm,47.500,70.955000,0.4,1.6
04/13/2025 08:27:48 pm,47.550,70.195000,0.4,1.6
04/13/2025 08:27:48 pm,47.600,69.335000,0.4,1.6
04/13/2025 08:27:48 pm,47.650,69.130000,0.4,1.6
04/13/2025 08:27:48 pm,47.700,69.130000,0.4,1.6
04/13/2025 08:27:48 pm,47.750,69.125000,0.4,1.6
04/13/2025 08:27:48 pm,47.800,69.105000,0.4,1.6
04/13/2025 08:27:48 pm,47.850,69.090000,0.4,1.6
04/13/2025 08:27:48 pm,47.900,69.035000,0.4,1.6
04/13/2025 08:27:48 pm,47.950,68.955000,0.4,1.6
04/13/2025 08:27:49 pm,48.000,68.840000,0.4,1.6
04/13/2025 08:27:49 pm,48.050,68.770000,0.4,1.6
04/13/2025 08:27:49 pm,48.100,68.690000,0.4,1.6
04/13/2025 08:27:49 pm,48.150,68.605000,0.4,1.6
04/13/2025 08:27:49 pm,48.200,68.475000,0.4,1.6
04/13/2025 08:27:49 pm,48.250,68.395000,0.4,1.6
04/13/2025 08:27:49 pm,48.300,68.275000,0.4,1.6
04/13/2025 08:27:49 pm,48.350,68.150000,0.4,1.6
04/13/2025 08:27:49 pm,48.400,68.080000,0.4,1.6
04/13/2025 08:27:49 pm,48.450,67.955000,0.4,1.6
04/13/2025 08:27:49 pm,48.500,67.670000,0.4,1.6
04/13/2025 08:27:49 pm,48.550,67.525000,0.4,1.6
04/13/2025 08:27:49 pm,48.600,67.525000,0.4,1.6
04/13/2025 08:27:49 pm,48.650,67.525000,0.4,1.6
04/13/2025 08:27:49 pm,48.700,67.525000,0.4,1.6
04/13/2025 08:27:49 pm,48.750,67.525000,0.4,1.6
04/13/2025 08:27:49 pm,48.800,67.525000,0.4,1.6
04/13/2025 08:27:49 pm,48.850,67.525000,0.4,1.6
04/13/2025 08:27:49 pm,48.900,67.510000,0.4,1.6
04/13/2025 08:27:49 pm,48.950,67.485000,0.4,1.6
04/13/2025 08:27:50 pm,49.000,67.480000,0.4,1.6
04/13/2025 08:27:50 pm,49.050,67.395000,0.4,1.6
04/13/2025 08:27:50 pm,49.100,67.285000,0.4,1.6
04/13/2025 08:27:50 pm,49.150,67.215000,0.4,1.6
04/13/2025 08:27:50 pm,49.200,67.210000,0.4,1.6
04/13/2025 08:27:50 pm,49.250,67.175000,0.4,1.6
04/13/2025 08:27:50 pm,49.300,67.090000,0.4,1.6
04/13/2025 08:27:50 pm,49.350,66.950000,0.4,1.6
04/13/2025 08:27:50 pm,49.400,66.890000,0.4,1.6
04/13/2025 08:27:50 pm,49.450,66.760000,0.4,1.6
04/13/2025 08:27:50 pm,49.500,66.695000,0.4,1.6
04/13/2025 08:27:50 pm,49.550,66.590000,0.4,1.6
04/13/2025 08:27:50 pm,49.600,66.400000,0.4,1.6
04/13/2025 08:27:50 pm,49.650,66.285000,0.4,1.6
04/13/2025 08:27:50 pm,49.700,66.070000,0.4,1.6
04/13/2025 08:27:50 pm,49.750,65.920000,0.4,1.6
04/13/2025 08:27:50 pm,49.800,65.690000,0.4,1.6
04/13/2025 08:27:50 pm,49.850,65.495000,0.4,1.6
04/13/2025 08:27:50 pm,49.900,65.260000,0.4,1.6
04/13/2025 08:27:50 pm,49.950,65.005000,0.4,1.6
04/13/2025 08:27:51 pm,50.000,64.745000,0.4,1.6
04/13/2025 08:27:51 pm,50.050,64.605000,0.4,1.6
04/13/2025 08:27:51 pm,50.100,64.510000,0.4,1.6
04/13/2025 08:27:51 pm,50.150,64.375000,0.4,1.6
04/13/2025 08:27:51 pm,50.200,64.305000,0.4,1.6
04/13/2025 08:27:51 pm,50.250,64.125000,0.4,1.6
04/13/2025 08:27:51 pm,50.300,64.010000,0.4,1.6
04/13/2025 08:27:51 pm,50.350,63.860000,0.4,1.6
04/13/2025 08:27:51 pm,50.400,63.525000,0.4,1.6
04/13/2025 08:27:51 pm,50.450,63.015000,0.4,1.6
04/13/2025 08:27:51 pm,50.500,62.705000,0.4,1.6
04/13/2025 08:27:51 pm,50.550,62.430000,0.4,1.6
04/13/2025 08:27:51 pm,50.600,62.325000,0.4,1.6
04/13/2025 08:27:51 pm,50.650,62.195000,0.4,1.6
04/13/2025 08:27:51 pm,50.700,62.005000,0.4,1.6
04/13/2025 08:27:51 pm,50.750,61.855000,0.4,1.6
04/13/2025 08:27:51 pm,50.800,61.740000,0.4,1.6
04/13/2025 08:27:51 pm,50.850,61.630000,0.4,1.6
04/13/2025 08:27:51 pm,50.900,61.540000,0.4,1.6
04/13/2025 08:27:51 pm,50.950,61.350000,0.4,1.6
04/13/2025 08:27:52 pm,51.000,61.210000,0.4,1.6
04/13/2025 08:27:52 pm,51.050,61.120000,0.4,1.6
04/13/2025 08:27:52 pm,51.100,60.970000,0.4,1.6
04/13/2025 08:27:52 pm,51.150,60.705000,0.4,1.6
04/13/2025 08:27:52 pm,51.200,60.505000,0.4,1.6
04/13/2025 08:27:52 pm,51.250,60.395000,0.4,1.6
04/13/2025 08:27:52 pm,51.300,60.215000,0.4,1.6
04/13/2025 08:27:52 pm,51.350,60.055000,0.4,1.6
04/13/2025 08:27:52 pm,51.400,59.860000,0.4,1.6
04/13/2025 08:27:52 pm,51.450,59.645000,0.5,1.7
04/13/2025 08:27:52 pm,51.500,59.450000,0.4,1.6
04/13/2025 08:27:52 pm,51.550,59.200000,0.4,1.6
04/13/2025 08:27:52 pm,51.600,58.935000,0.4,1.6
04/13/2025 08:27:52 pm,51.650,58.830000,0.4,1.6
04/13/2025 08:27:52 pm,51.700,58.560000,0.4,1.6
04/13/2025 08:27:52 pm,51.750,58.465000,0.4,1.6
04/13/2025 08:27:52 pm,51.800,58.280000,0.4,1.7
04/13/2025 08:27:52 pm,51.850,58.095000,0.4,1.6
04/13/2025 08:27:52 pm,51.900,57.900000,0.4,1.6
04/13/2025 08:27:52 pm,51.950,57.670000,0.4,1.6
04/13/2025 08:27:53 pm,52.000,57.515000,0.4,1.6
04/13/2025 08:27:53 pm,52.050,57.195000,0.4,1.6
04/13/2025 08:27:53 pm,52.100,56.975000,0.4,1.6
04/13/2025 08:27:53 pm,52.150,56.740000,0.4,1.6
04/13/2025 08:27:53 pm,52.200,56.510000,0.4,1.6
04/13/2025 08:27:53 pm,52.250,56.365000,0.4,1.6
04/13/2025 08:27:53 pm,52.300,56.155000,0.4,1.7
04/13/2025 08:27:53 pm,52.350,55.955000,0.4,1.6
04/13/2025 08:27:53 pm,52.400,55.945000,0.4,1.6
04/13/2025 08:27:53 pm,52.450,55.805000,0.4,1.6
04/13/2025 08:27:53 pm,52.500,55.780000,0.4,1.6
04/13/2025 08:27:53 pm,52.550,55.780000,0.4,1.6
04/13/2025 08:27:53 pm,52.600,55.780000,0.4,1.6
04/13/2025 08:27:53 pm,52.650,55.780000,0.4,1.6
04/13/2025 08:27:53 pm,52.700,55.780000,0.4,1.6
04/13/2025 08:27:53 pm,52.750,55.780000,0.4,1.6
04/13/2025 08:27:53 pm,52.800,55.780000,0.4,1.6
04/13/2025 08:27:53 pm,52.850,55.780000,0.4,1.6
04/13/2025 08:27:53 pm,52.900,55.780000,0.4,1.6
04/13/2025 08:27:53 pm,52.950,55.775000,0.4,1.7
04/13/2025 08:27:54 pm,53.000,55.680000,0.4,1.6
04/13/2025 08:27:54 pm,53.050,55.620000,0.4,1.6
04/13/2025 08:27:54 pm,53.100,55.500000,0.4,1.6
04/13/2025 08:27:54 pm,53.150,55.425000,0.4,1.6
04/13/2025 08:27:54 pm,53.200,55.345000,0.4,1.6
04/13/2025 08:27:54 pm,53.250,55.150000,0.4,1.6
04/13/2025 08:27:54 pm,53.300,55.045000,0.4,1.6
04/13/2025 08:27:54 pm,53.350,54.860000,0.4,1.6
04/13/2025 08:27:54 pm,53.400,54.840000,0.4,1.6
04/13/2025 08:27:54 pm,53.450,54.840000,0.4,1.6
04/13/2025 08:27:54 pm,53.500,54.840000,0.4,1.6
04/13/2025 08:27:54 pm,53.550,54.790000,0.4,1.6
04/13/2025 08:27:54 pm,53.600,54.735000,0.4,1.6
04/13/2025 08:27:54 pm,53.650,54.665000,0.4,1.6
04/13/2025 08:27:54 pm,53.700,54.610000,0.4,1.6
04/13/2025 08:27:54 pm,53.750,54.515000,0.4,1.6
04/13/2025 08:27:54 pm,53.800,54.435000,0.4,1.6
04/13/2025 08:27:54 pm,53.850,54.435000,0.4,1.6
04/13/2025 08:27:54 pm,53.900,54.420000,0.4,1.6
04/13/2025 08:27:54 pm,53.950,54.235000,0.4,1.6
04/13/2025 08:27:55 pm,54.000,54.210000,0.4,1.6
04/13/2025 08:27:55 pm,54.050,54.195000,0.4,1.6
04/13/2025 08:27:55 pm,54.100,53.920000,0.4,1.6
04/13/2025 08:27:55 pm,54.150,53.780000,0.4,1.6
04/13/2025 08:27:55 pm,54.200,53.660000,0.4,1.6
04/13/2025 08:27:55 pm,54.250,53.260000,0.4,1.6
04/13/2025 08:27:55 pm,54.300,53.085000,0.4,1.6
04/13/2025 08:27:55 pm,54.350,52.890000,0.4,1.6
04/13/2025 08:27:55 pm,54.400,52.790000,0.4,1.6
04/13/2025 08:27:55 pm,54.450,52.735000,0.4,1.7
04/13/2025 08:27:55 pm,54.500,52.495000,0.4,1.6
04/13/2025 08:27:55 pm,54.550,52.255000,0.4,1.6
04/13/2025 08:27:55 pm,54.600,52.065000,0.5,1.7
04/13/2025 08:27:55 pm,54.650,51.905000,0.4,1.6
04/13/2025 08:27:55 pm,54.700,51.785000,0.4,1.7
04/13/2025 08:27:55 pm,54.750,51.655000,0.4,1.6
04/13/2025 08:27:55 pm,54.800,51.575000,0.4,1.6
04/13/2025 08:27:55 pm,54.850,51.510000,0.4,1.6
04/13/2025 08:27:55 pm,54.900,51.330000,0.4,1.6
04/13/2025 08:27:55 pm,54.950,51.175000,0.4,1.6
04/13/2025 08:27:56 pm,55.000,51.075000,0.4,1.6
04/13/2025 08:27:56 pm,55.050,50.960000,0.4,1.6
04/13/2025 08:27:56 pm,55.100,50.775000,0.4,1.6
04/13/2025 08:27:56 pm,55.150,50.630000,0.4,1.6
04/13/2025 08:27:56 pm,55.200,50.505000,0.4,1.6
04/13/2025 08:27:56 pm,55.250,50.330000,0.4,1.6
04/13/2025 08:27:56 pm,55.300,50.200000,0.4,1.6
04/13/2025 08:27:56 pm,55.350,50.000000,0.4,1.6
04/13/2025 08:27:56 pm,55.400,49.800000,0.4,1.6
04/13/2025 08:27:56 pm,55.450,49.655000,0.4,1.6
04/13/2025 08:27:56 pm,55.500,49.490000,0.4,1.7
04/13/2025 08:27:56 pm,55.550,49.275000,0.4,1.6
04/13/2025 08:27:56 pm,55.600,49.040000,0.4,1.7
04/13/2025 08:27:56 pm,55.650,48.860000,0.5,1.7
04/13/2025 08:27:56 pm,55.700,48.750000,0.4,1.6
04/13/2025 08:27:56 pm,55.750,48.690000,0.5,1.7
04/13/2025 08:27:56 pm,55.800,48.505000,0.4,1.6
04/13/2025 08:27:56 pm,55.850,48.440000,0.5,1.7
04/13/2025 08:27:56 pm,55.900,48.295000,0.4,1.6
04/13/2025 08:27:56 pm,55.950,48.220000,0.5,1.7
04/13/2025 08:27:57 pm,56.000,48.075000,0.4,1.6
04/13/2025 08:27:57 pm,56.050,47.975000,0.4,1.6
04/13/2025 08:27:57 pm,56.100,47.775000,0.4,1.6
04/13/2025 08:27:57 pm,56.150,47.750000,0.4,1.6
04/13/2025 08:27:57 pm,56.200,47.625000,0.4,1.6
04/13/2025 08:27:57 pm,56.250,47.470000,0.4,1.7
04/13/2025 08:27:57 pm,56.300,47.420000,0.4,1.6
04/13/2025 08:27:57 pm,56.350,47.415000,0.4,1.6
04/13/2025 08:27:57 pm,56.400,47.350000,0.4,1.6
04/13/2025 08:27:57 pm,56.450,47.335000,0.4,1.6
04/13/2025 08:27:57 pm,56.500,47.335000,0.4,1.6
04/13/2025 08:27:57 pm,56.550,47.335000,0.4,1.6
04/13/2025 08:27:57 pm,56.600,47.330000,0.4,1.6
04/13/2025 08:27:57 pm,56.650,47.330000,0.4,1.6
04/13/2025 08:27:57 pm,56.700,47.265000,0.4,1.6
04/13/2025 08:27:57 pm,56.750,47.250000,0.4,1.6
04/13/2025 08:27:57 pm,56.800,47.240000,0.4,1.6
04/13/2025 08:27:57 pm,56.850,47.135000,0.4,1.6
04/13/2025 08:27:57 pm,56.900,46.995000,0.4,1.6
04/13/2025 08:27:57 pm,56.950,46.855000,0.4,1.6
04/13/2025 08:27:58 pm,57.000,46.830000,0.4,1.6
04/13/2025 08:27:58 pm,57.050,46.815000,0.4,1.6
04/13/2025 08:27:58 pm,57.100,46.625000,0.4,1.6
04/13/2025 08:27:58 pm,57.150,46.525000,0.4,1.6
04/13/2025 08:27:58 pm,57.200,46.305000,0.4,1.6
04/13/2025 08:27:58 pm,57.250,46.070000,0.4,1.6
04/13/2025 08:27:58 pm,57.300,45.860000,0.4,1.6
04/13/2025 08:27:58 pm,57.350,45.680000,0.4,1.6
04/13/2025 08:27:58 pm,57.400,45.555000,0.4,1.7
04/13/2025 08:27:58 pm,57.450,45.300000,0.5,1.7
04/13/2025 08:27:58 pm,57.500,45.095000,0.4,1.7
04/13/2025 08:27:58 pm,57.550,44.985000,0.5,1.7
04/13/2025 08:27:58 pm,57.600,44.890000,0.5,1.7
04/13/2025 08:27:58 pm,57.650,44.755000,0.5,1.7
04/13/2025 08:27:58 pm,57.700,44.675000,0.4,1.7
04/13/2025 08:27:58 pm,57.750,44.610000,0.4,1.6
04/13/2025 08:27:58 pm,57.800,44.515000,0.4,1.6
04/13/2025 08:27:58 pm,57.850,44.420000,0.4,1.6
04/13/2025 08:27:58 pm,57.900,44.400000,0.4,1.6
04/13/2025 08:27:58 pm,57.950,44.335000,0.4,1.6
04/13/2025 08:27:59 pm,58.000,44.330000,0.4,1.6
04/13/2025 08:27:59 pm,58.050,44.330000,0.4,1.7
04/13/2025 08:27:59 pm,58.100,44.330000,0.4,1.6
04/13/2025 08:27:59 pm,58.150,44.330000,0.4,1.6
04/13/2025 08:27:59 pm,58.200,44.330000,0.5,1.7
04/13/2025 08:27:59 pm,58.250,44.330000,0.4,1.6
04/13/2025 08:27:59 pm,58.300,44.335000,0.4,1.6
04/13/2025 08:27:59 pm,58.350,44.335000,0.4,1.6
04/13/2025 08:27:59 pm,58.400,44.335000,0.4,1.7
04/13/2025 08:27:59 pm,58.450,44.250000,0.4,1.6
04/13/2025 08:27:59 pm,58.500,44.010000,0.4,1.6
04/13/2025 08:27:59 pm,58.550,43.730000,0.4,1.6
04/13/2025 08:27:59 pm,58.600,43.270000,0.4,1.6
04/13/2025 08:27:59 pm,58.650,43.080000,0.4,1.6
04/13/2025 08:27:59 pm,58.700,42.780000,0.4,1.6
04/13/2025 08:27:59 pm,58.750,42.515000,0.4,1.6
04/13/2025 08:27:59 pm,58.800,42.295000,0.4,1.6
04/13/2025 08:27:59 pm,58.850,42.035000,0.5,1.7
04/13/2025 08:27:59 pm,58.900,41.915000,0.5,1.7
04/13/2025 08:27:59 pm,58.950,41.820000,0.4,1.7
04/13/2025 08:28:00 pm,59.000,41.705000,0.5,1.7
04/13/2025 08:28:00 pm,59.050,41.445000,0.5,1.7
04/13/2025 08:28:00 pm,59.100,40.970000,0.5,1.7
04/13/2025 08:28:00 pm,59.150,40.655000,0.4,1.6
04/13/2025 08:28:00 pm,59.200,40.565000,0.4,1.6
04/13/2025 08:28:00 pm,59.250,40.185000,0.4,1.6
04/13/2025 08:28:00 pm,59.300,39.945000,0.4,1.6
04/13/2025 08:28:00 pm,59.350,39.620000,0.4,1.6
04/13/2025 08:28:00 pm,59.400,39.390000,0.4,1.6
04/13/2025 08:28:00 pm,59.450,39.230000,0.4,1.6
04/13/2025 08:28:00 pm,59.500,39.010000,0.4,1.6
04/13/2025 08:28:00 pm,59.550,38.805000,0.4,1.6
04/13/2025 08:28:00 pm,59.600,38.660000,0.4,1.6
04/13/2025 08:28:00 pm,59.650,38.460000,0.4,1.6
04/13/2025 08:28:00 pm,59.700,38.145000,0.5,1.7
04/13/2025 08:28:00 pm,59.750,37.780000,0.5,1.7
04/13/2025 08:28:00 pm,59.800,37.530000,0.5,1.7
04/13/2025 08:28:00 pm,59.850,37.230000,0.5,1.7
04/13/2025 08:28:00 pm,59.900,37.080000,0.5,1.7
04/13/2025 08:28:00 pm,59.950,36.855000,0.4,1.6
04/13/2025 08:28:01 pm,60.000,36.725000,0.4,1.7
04/13/2025 08:28:01 pm,60.050,36.600000,0.4,1.7
04/13/2025 08:28:01 pm,60.100,36.545000,0.4,1.6
04/13/2025 08:28:01 pm,60.150,36.545000,0.4,1.6
04/13/2025 08:28:01 pm,60.200,36.545000,0.4,1.6
04/13/2025 08:28:01 pm,60.250,36.545000,0.4,1.6
04/13/2025 08:28:01 pm,60.300,36.545000,0.4,1.7
04/13/2025 08:28:01 pm,60.350,36.550000,0.4,1.6
04/13/2025 08:28:01 pm,60.400,36.550000,0.4,1.6
04/13/2025 08:28:01 pm,60.450,36.550000,0.4,1.6
04/13/2025 08:28:01 pm,60.500,36.545000,0.4,1.6
04/13/2025 08:28:01 pm,60.550,36.545000,0.5,1.7
04/13/2025 08:28:01 pm,60.600,36.545000,0.4,1.6
04/13/2025 08:28:01 pm,60.650,36.515000,0.4,1.6
04/13/2025 08:28:01 pm,60.700,36.440000,0.4,1.6
04/13/2025 08:28:01 pm,60.750,36.440000,0.4,1.6
04/13/2025 08:28:01 pm,60.800,36.440000,0.4,1.6
04/13/2025 08:28:01 pm,60.850,36.440000,0.4,1.6
04/13/2025 08:28:01 pm,60.900,36.440000,0.4,1.6
04/13/2025 08:28:01 pm,60.950,36.440000,0.4,1.6
04/13/2025 08:28:02 pm,61.000,36.440000,0.4,1.6
04/13/2025 08:28:02 pm,61.050,36.440000,0.4,1.6
04/13/2025 08:28:02 pm,61.100,36.440000,0.4,1.6
04/13/2025 08:28:02 pm,61.150,36.440000,0.4,1.6
04/13/2025 08:28:02 pm,61.200,36.440000,0.4,1.6
04/13/2025 08:28:02 pm,61.250,36.290000,0.4,1.6
04/13/2025 08:28:02 pm,61.300,36.220000,0.4,1.6
04/13/2025 08:28:02 pm,61.350,36.130000,0.4,1.6
04/13/2025 08:28:02 pm,61.400,35.800000,0.4,1.6
04/13/2025 08:28:02 pm,61.450,35.715000,0.4,1.6
04/13/2025 08:28:02 pm,61.500,35.540000,0.4,1.6
04/13/2025 08:28:02 pm,61.550,35.345000,0.4,1.6
04/13/2025 08:28:02 pm,61.600,35.205000,0.4,1.6
04/13/2025 08:28:02 pm,61.650,34.985000,0.4,1.6
04/13/2025 08:28:02 pm,61.700,34.840000,0.5,1.7
04/13/2025 08:28:02 pm,61.750,34.690000,0.5,1.7
04/13/2025 08:28:02 pm,61.800,34.545000,0.5,1.7
04/13/2025 08:28:02 pm,61.850,34.500000,0.5,1.7
04/13/2025 08:28:02 pm,61.900,34.380000,0.5,1.7
04/13/2025 08:28:02 pm,61.950,34.275000,0.5,1.7
04/13/2025 08:28:03 pm,62.000,34.075000,0.5,1.7
04/13/2025 08:28:03 pm,62.050,33.840000,0.5,1.7
04/13/2025 08:28:03 pm,62.100,33.315000,0.5,1.7
04/13/2025 08:28:03 pm,62.150,32.970000,0.4,1.6
04/13/2025 08:28:03 pm,62.200,32.690000,0.4,1.6
04/13/2025 08:28:03 pm,62.250,32.345000,0.4,1.6
04/13/2025 08:28:03 pm,62.300,32.110000,0.4,1.6
04/13/2025 08:28:03 pm,62.350,31.900000,0.4,1.6
04/13/2025 08:28:03 pm,62.400,31.805000,0.4,1.7
04/13/2025 08:28:03 pm,62.450,31.510000,0.5,1.7
04/13/2025 08:28:03 pm,62.500,31.115000,0.5,1.7
04/13/2025 08:28:03 pm,62.550,31.085000,0.5,1.7
04/13/2025 08:28:03 pm,62.600,31.000000,0.5,1.7
04/13/2025 08:28:03 pm,62.650,30.650000,0.5,1.7
04/13/2025 08:28:03 pm,62.700,30.350000,0.5,1.7
04/13/2025 08:28:03 pm,62.750,30.045000,0.5,1.7
04/13/2025 08:28:03 pm,62.800,29.830000,0.5,1.7
04/13/2025 08:28:03 pm,62.850,29.635000,0.5,1.7
04/13/2025 08:28:03 pm,62.900,29.490000,0.5,1.7
04/13/2025 08:28:03 pm,62.950,29.300000,0.4,1.7
04/13/2025 08:28:04 pm,63.000,29.110000,0.4,1.6
04/13/2025 08:28:04 pm,63.050,28.850000,0.4,1.6
04/13/2025 08:28:04 pm,63.100,28.615000,0.4,1.6
04/13/2025 08:28:04 pm,63.150,28.440000,0.4,1.6
04/13/2025 08:28:04 pm,63.200,28.265000,0.4,1.6
04/13/2025 08:28:04 pm,63.250,27.940000,0.4,1.6
04/13/2025 08:28:04 pm,63.300,27.710000,0.4,1.7
04/13/2025 08:28:04 pm,63.350,27.465000,0.5,1.7
04/13/2025 08:28:04 pm,63.400,27.460000,0.5,1.7
04/13/2025 08:28:04 pm,63.450,27.425000,0.5,1.7
04/13/2025 08:28:04 pm,63.500,27.330000,0.5,1.7
04/13/2025 08:28:04 pm,63.550,27.280000,0.5,1.7
04/13/2025 08:28:04 pm,63.600,27.275000,0.5,1.7
04/13/2025 08:28:04 pm,63.650,27.070000,0.5,1.7
04/13/2025 08:28:04 pm,63.700,26.870000,0.5,1.7
04/13/2025 08:28:04 pm,63.750,26.835000,0.5,1.7
04/13/2025 08:28:04 pm,63.800,26.400000,0.5,1.7
04/13/2025 08:28:04 pm,63.850,26.205000,0.5,1.7
04/13/2025 08:28:04 pm,63.900,25.945000,0.5,1.7
04/13/2025 08:28:04 pm,63.950,25.770000,0.5,1.7
04/13/2025 08:28:05 pm,64.000,25.630000,0.4,1.7
04/13/2025 08:28:05 pm,64.050,25.365000,0.4,1.6
04/13/2025 08:28:05 pm,64.100,25.270000,0.4,1.6
04/13/2025 08:28:05 pm,64.150,25.150000,0.4,1.6
04/13/2025 08:28:05 pm,64.200,25.075000,0.4,1.6
04/13/2025 08:28:05 pm,64.250,25.070000,0.4,1.6
04/13/2025 08:28:05 pm,64.300,25.070000,0.4,1.6
04/13/2025 08:28:05 pm,64.350,25.070000,0.4,1.6
04/13/2025 08:28:05 pm,64.400,25.070000,0.4,1.6
04/13/2025 08:28:05 pm,64.450,25.070000,0.4,1.6
04/13/2025 08:28:05 pm,64.500,25.075000,0.4,1.6
04/13/2025 08:28:05 pm,64.550,25.015000,0.4,1.6
04/13/2025 08:28:05 pm,64.600,24.815000,0.4,1.6
04/13/2025 08:28:05 pm,64.650,24.665000,0.4,1.6
04/13/2025 08:28:05 pm,64.700,24.465000,0.4,1.6
04/13/2025 08:28:05 pm,64.750,24.350000,0.4,1.7
04/13/2025 08:28:05 pm,64.800,24.145000,0.5,1.7
04/13/2025 08:28:05 pm,64.850,23.980000,0.5,1.7
04/13/2025 08:28:05 pm,64.900,23.770000,0.5,1.7
04/13/2025 08:28:05 pm,64.950,23.565000,0.5,1.7
04/13/2025 08:28:06 pm,65.000,23.260000,0.5,1.7
04/13/2025 08:28:06 pm,65.050,23.015000,0.5,1.7
04/13/2025 08:28:06 pm,65.100,22.735000,0.5,1.7
04/13/2025 08:28:06 pm,65.150,22.435000,0.5,1.7
04/13/2025 08:28:06 pm,65.200,22.170000,0.5,1.7
04/13/2025 08:28:06 pm,65.250,21.890000,0.4,1.6
04/13/2025 08:28:06 pm,65.300,21.665000,0.4,1.6
04/13/2025 08:28:06 pm,65.350,21.510000,0.4,1.6
04/13/2025 08:28:06 pm,65.400,21.240000,0.4,1.6
04/13/2025 08:28:06 pm,65.450,21.060000,0.4,1.6
04/13/2025 08:28:06 pm,65.500,20.960000,0.5,1.7
04/13/2025 08:28:06 pm,65.550,20.715000,0.5,1.7
04/13/2025 08:28:06 pm,65.600,20.600000,0.5,1.7
04/13/2025 08:28:06 pm,65.650,20.600000,0.5,1.7
04/13/2025 08:28:06 pm,65.700,20.570000,0.5,1.7
04/13/2025 08:28:06 pm,65.750,20.410000,0.5,1.7
04/13/2025 08:28:06 pm,65.800,20.275000,0.5,1.7
04/13/2025 08:28:06 pm,65.850,19.995000,0.5,1.7
04/13/2025 08:28:06 pm,65.900,19.750000,0.6,1.8
04/13/2025 08:28:06 pm,65.950,19.535000,0.6,1.8
04/13/2025 08:28:07 pm,66.000,19.415000,0.6,1.8
04/13/2025 08:28:07 pm,66.050,19.240000,0.6,1.8
04/13/2025 08:28:07 pm,66.100,19.125000,0.6,1.8
04/13/2025 08:28:07 pm,66.150,18.995000,0.6,1.7
04/13/2025 08:28:07 pm,66.200,18.860000,0.5,1.7
04/13/2025 08:28:07 pm,66.250,18.825000,0.5,1.7
04/13/2025 08:28:07 pm,66.300,18.770000,0.5,1.7
04/13/2025 08:28:07 pm,66.350,18.720000,0.5,1.7
04/13/2025 08:28:07 pm,66.400,18.565000,0.5,1.7
04/13/2025 08:28:07 pm,66.450,18.380000,0.5,1.7
04/13/2025 08:28:07 pm,66.500,18.090000,0.5,1.7
04/13/2025 08:28:07 pm,66.550,17.565000,0.4,1.6
04/13/2025 08:28:07 pm,66.600,17.490000,0.4,1.6
04/13/2025 08:28:07 pm,66.650,17.375000,0.4,1.6
04/13/2025 08:28:07 pm,66.700,17.280000,0.4,1.6
04/13/2025 08:28:07 pm,66.750,17.050000,0.4,1.6
04/13/2025 08:28:07 pm,66.800,16.775000,0.5,1.7
04/13/2025 08:28:07 pm,66.850,16.635000,0.5,1.7
04/13/2025 08:28:07 pm,66.900,16.300000,0.6,1.7
04/13/2025 08:28:07 pm,66.950,16.105000,0.6,1.8
04/13/2025 08:28:08 pm,67.000,15.950000,0.6,1.8
04/13/2025 08:28:08 pm,67.050,15.555000,0.6,1.8
04/13/2025 08:28:08 pm,67.100,15.340000,0.6,1.8
04/13/2025 08:28:08 pm,67.150,15.100000,0.6,1.8
04/13/2025 08:28:08 pm,67.200,14.895000,0.5,1.7
04/13/2025 08:28:08 pm,67.250,14.770000,0.5,1.7
04/13/2025 08:28:08 pm,67.300,14.690000,0.5,1.7
04/13/2025 08:28:08 pm,67.350,14.530000,0.4,1.7
04/13/2025 08:28:08 pm,67.400,14.235000,0.4,1.6
04/13/2025 08:28:08 pm,67.450,13.870000,0.5,1.7
04/13/2025 08:28:08 pm,67.500,13.510000,0.5,1.7
04/13/2025 08:28:08 pm,67.550,13.110000,0.6,1.8
04/13/2025 08:28:08 pm,67.600,12.770000,0.7,1.9
04/13/2025 08:28:08 pm,67.650,12.310000,0.8,1.9
04/13/2025 08:28:08 pm,67.700,11.950000,0.8,1.9
04/13/2025 08:28:08 pm,67.750,11.680000,0.7,1.9
04/13/2025 08:28:08 pm,67.800,11.515000,0.7,1.8
04/13/2025 08:28:08 pm,67.850,10.990000,0.5,1.7
04/13/2025 08:28:08 pm,67.900,10.570000,0.4,1.6
04/13/2025 08:28:08 pm,67.950,10.300000,0.4,1.6
04/13/2025 08:28:09 pm,68.000,9.910000,0.5,1.7
04/13/2025 08:28:09 pm,68.050,9.785000,0.6,1.8
04/13/2025 08:28:09 pm,68.100,9.750000,0.6,1.8
04/13/2025 08:28:09 pm,68.150,9.660000,0.6,1.8
04/13/2025 08:28:09 pm,68.200,9.540000,0.6,1.8
04/13/2025 08:28:09 pm,68.250,9.365000,0.7,1.9
04/13/2025 08:28:09 pm,68.300,9.250000,0.8,1.9
04/13/2025 08:28:09 pm,68.350,9.115000,0.9,1.9
04/13/2025 08:28:09 pm,68.400,9.010000,0.9,2.0
04/13/2025 08:28:09 pm,68.450,8.830000,1.0,2.0
04/13/2025 08:28:09 pm,68.500,8.620000,1.1,2.0
04/13/2025 08:28:09 pm,68.550,8.420000,1.1,2.0
04/13/2025 08:28:09 pm,68.600,8.145000,1.1,2.0
04/13/2025 08:28:09 pm,68.650,8.065000,1.1,2.0
04/13/2025 08:28:09 pm,68.700,7.890000,1.0,2.0
04/13/2025 08:28:09 pm,68.750,7.675000,0.9,2.0
04/13/2025 08:28:09 pm,68.800,7.545000,0.8,1.9
04/13/2025 08:28:09 pm,68.850,7.430000,0.8,1.9
04/13/2025 08:28:09 pm,68.900,7.220000,0.7,1.8
04/13/2025 08:28:09 pm,68.950,7.120000,0.6,1.8
04/13/2025 08:28:10 pm,69.000,6.885000,0.5,1.7
04/13/2025 08:28:10 pm,69.050,6.595000,0.5,1.7
04/13/2025 08:28:10 pm,69.100,6.570000,0.5,1.7
04/13/2025 08:28:10 pm,69.150,6.290000,0.5,1.7
04/13/2025 08:28:10 pm,69.200,6.060000,0.9,1.9
04/13/2025 08:28:10 pm,69.250,5.735000,1.1,2.0
04/13/2025 08:28:10 pm,69.300,5.380000,1.7,2.2
04/13/2025 08:28:10 pm,69.350,5.265000,1.9,2.3
04/13/2025 08:28:10 pm,69.400,5.070000,2.0,2.3
04/13/2025 08:28:10 pm,69.450,4.935000,2.2,2.3
04/13/2025 08:28:10 pm,69.500,4.815000,2.3,2.4
04/13/2025 08:28:10 pm,69.550,4.725000,2.3,2.4
04/13/2025 08:28:10 pm,69.600,4.695000,2.3,2.4
04/13/2025 08:28:10 pm,69.650,4.680000,2.3,2.4
04/13/2025 08:28:10 pm,69.700,4.670000,2.3,2.4
04/13/2025 08:28:10 pm,69.750,4.635000,2.3,2.4
04/13/2025 08:28:10 pm,69.800,4.540000,2.2,2.3
04/13/2025 08:28:10 pm,69.850,4.455000,2.1,2.3
04/13/2025 08:28:10 pm,69.900,4.205000,1.9,2.3
04/13/2025 08:28:10 pm,69.950,4.015000,1.5,2.2
04/13/2025 08:28:11 pm,70.000,3.880000,1.2,2.1
04/13/2025 08:28:11 pm,70.050,3.695000,0.9,2.0
04/13/2025 08:28:11 pm,70.100,3.530000,0.7,1.8
04/13/2025 08:28:11 pm,70.150,3.270000,0.5,1.7
04/13/2025 08:28:11 pm,70.200,2.965000,0.7,1.8
04/13/2025 08:28:11 pm,70.250,2.565000,1.9,2.3
04/13/2025 08:28:11 pm,70.300,2.205000,4.6,2.7
04/13/2025 08:28:11 pm,70.350,1.985000,7.8,2.9
04/13/2025 08:28:11 pm,70.400,1.760000,11.7,3.1
04/13/2025 08:28:11 pm,70.450,1.610000,15.2,3.2
04/13/2025 08:28:11 pm,70.500,1.360000,18.3,3.3
04/13/2025 08:28:11 pm,70.550,1.170000,23.5,3.4
04/13/2025 08:28:11 pm,70.600,0.955000,24.2,3.4
04/13/2025 08:28:11 pm,70.650,0.620000,31.3,3.5
04/13/2025 08:28:11 pm,70.700,0.520000,32.2,3.5
04/13/2025 08:28:11 pm,70.750,0.215000,36.0,3.6
04/13/2025 08:28:11 pm,70.800,-0.105000,40.1,3.6
04/13/2025 08:28:11 pm,70.850,-0.255000,40.5,3.6
04/13/2025 08:28:11 pm,70.900,-0.420000,41.1,3.6
04/13/2025 08:28:11 pm,70.950,-0.520000,41.0,3.6
04/13/2025 08:28:12 pm,71.000,-0.700000,40.6,3.6
04/13/2025 08:28:12 pm,71.050,-0.965000,39.2,3.6
04/13/2025 08:28:12 pm,71.100,-1.110000,36.9,3.6
04/13/2025 08:28:12 pm,71.150,-1.315000,35.0,3.5
04/13/2025 08:28:12 pm,71.200,-1.370000,32.8,3.5
04/13/2025 08:28:12 pm,71.250,-1.505000,32.4,3.5
04/13/2025 08:28:12 pm,71.300,-1.655000,28.9,3.5
04/13/2025 08:28:12 pm,71.350,-1.830000,27.1,3.4
04/13/2025 08:28:12 pm,71.400,-2.005000,22.2,3.3
04/13/2025 08:28:12 pm,71.450,-2.105000,21.9,3.3
04/13/2025 08:28:12 pm,71.500,-2.320000,17.5,3.2
04/13/2025 08:28:12 pm,71.550,-2.450000,15.3,3.2
04/13/2025 08:28:12 pm,71.600,-2.645000,12.4,3.1
04/13/2025 08:28:12 pm,71.650,-2.740000,9.5,3.0
04/13/2025 08:28:12 pm,71.700,-2.830000,9.1,3.0
04/13/2025 08:28:12 pm,71.750,-2.990000,6.7,2.8
04/13/2025 08:28:12 pm,71.800,-3.015000,5.9,2.8
04/13/2025 08:28:12 pm,71.850,-3.160000,5.1,2.7
04/13/2025 08:28:12 pm,71.900,-3.380000,2.7,2.4
04/13/2025 08:28:12 pm,71.950,-3.545000,1.6,2.2
04/13/2025 08:28:13 pm,72.000,-3.680000,1.2,2.1
04/13/2025 08:28:13 pm,72.050,-3.885000,0.6,1.8
04/13/2025 08:28:13 pm,72.100,-4.120000,0.5,1.7
04/13/2025 08:28:13 pm,72.150,-4.550000,0.9,2.0
04/13/2025 08:28:13 pm,72.200,-4.805000,1.6,2.2
04/13/2025 08:28:13 pm,72.250,-5.025000,2.1,2.3
04/13/2025 08:28:13 pm,72.300,-5.130000,2.3,2.4
04/13/2025 08:28:13 pm,72.350,-5.180000,2.4,2.4
04/13/2025 08:28:13 pm,72.400,-5.270000,2.5,2.4
04/13/2025 08:28:13 pm,72.450,-5.370000,2.6,2.4
04/13/2025 08:28:13 pm,72.500,-5.415000,2.6,2.4
04/13/2025 08:28:13 pm,72.550,-5.575000,2.6,2.4
04/13/2025 08:28:13 pm,72.600,-5.640000,2.6,2.4
04/13/2025 08:28:13 pm,72.650,-5.805000,2.6,2.4
04/13/2025 08:28:13 pm,72.700,-6.055000,2.3,2.4
04/13/2025 08:28:13 pm,72.750,-6.230000,2.1,2.3
04/13/2025 08:28:13 pm,72.800,-6.445000,1.7,2.2
04/13/2025 08:28:13 pm,72.850,-6.615000,1.4,2.2
04/13/2025 08:28:13 pm,72.900,-6.750000,1.2,2.1
04/13/2025 08:28:13 pm,72.950,-6.985000,0.9,2.0
04/13/2025 08:28:14 pm,73.000,-7.070000,0.8,1.9
04/13/2025 08:28:14 pm,73.050,-7.170000,0.7,1.9
04/13/2025 08:28:14 pm,73.100,-7.340000,0.6,1.8
04/13/2025 08:28:14 pm,73.150,-7.605000,0.5,1.7
04/13/2025 08:28:14 pm,73.200,-7.780000,0.5,1.7
04/13/2025 08:28:14 pm,73.250,-7.965000,0.5,1.7
04/13/2025 08:28:14 pm,73.300,-8.055000,0.5,1.7
04/13/2025 08:28:14 pm,73.350,-8.230000,0.6,1.8
04/13/2025 08:28:14 pm,73.400,-8.335000,0.7,1.8
04/13/2025 08:28:14 pm,73.450,-8.450000,0.7,1.8
04/13/2025 08:28:14 pm,73.500,-8.590000,0.7,1.9
04/13/2025 08:28:14 pm,73.550,-8.690000,0.8,1.9
04/13/2025 08:28:14 pm,73.600,-8.690000,0.9,1.9
04/13/2025 08:28:14 pm,73.650,-8.690000,0.9,1.9
04/13/2025 08:28:14 pm,73.700,-8.730000,0.9,1.9
04/13/2025 08:28:14 pm,73.750,-8.880000,1.0,2.0
04/13/2025 08:28:14 pm,73.800,-9.005000,1.0,2.0
04/13/2025 08:28:14 pm,73.850,-9.135000,1.1,2.0
04/13/2025 08:28:14 pm,73.900,-9.345000,1.1,2.1
04/13/2025 08:28:14 pm,73.950,-9.435000,1.2,2.1
04/13/2025 08:28:15 pm,74.000,-9.550000,1.2,2.1
04/13/2025 08:28:15 pm,74.050,-9.630000,1.1,2.1
04/13/2025 08:28:15 pm,74.100,-9.745000,1.1,2.1
04/13/2025 08:28:15 pm,74.150,-9.950000,1.1,2.0
04/13/2025 08:28:15 pm,74.200,-10.100000,1.0,2.0
04/13/2025 08:28:15 pm,74.250,-10.185000,1.0,2.0
04/13/2025 08:28:15 pm,74.300,-10.390000,0.9,1.9
04/13/2025 08:28:15 pm,74.350,-10.520000,0.8,1.9
04/13/2025 08:28:15 pm,74.400,-10.635000,0.7,1.9
04/13/2025 08:28:15 pm,74.450,-10.810000,0.6,1.8
04/13/2025 08:28:15 pm,74.500,-10.975000,0.6,1.7
04/13/2025 08:28:15 pm,74.550,-11.125000,0.5,1.7
04/13/2025 08:28:15 pm,74.600,-11.280000,0.5,1.7
04/13/2025 08:28:15 pm,74.650,-11.435000,0.4,1.6
04/13/2025 08:28:15 pm,74.700,-11.465000,0.5,1.7
04/13/2025 08:28:15 pm,74.750,-11.565000,0.5,1.7
04/13/2025 08:28:15 pm,74.800,-11.715000,0.5,1.7
04/13/2025 08:28:15 pm,74.850,-11.860000,0.5,1.7
04/13/2025 08:28:15 pm,74.900,-11.910000,0.5,1.7
04/13/2025 08:28:15 pm,74.950,-12.000000,0.5,1.7
04/13/2025 08:28:16 pm,75.000,-12.110000,0.5,1.7
04/13/2025 08:28:16 pm,75.050,-12.310000,0.6,1.8
04/13/2025 08:28:16 pm,75.100,-12.395000,0.6,1.8
04/13/2025 08:28:16 pm,75.150,-12.515000,0.7,1.8
04/13/2025 08:28:16 pm,75.200,-12.620000,0.7,1.9
04/13/2025 08:28:16 pm,75.250,-12.700000,0.7,1.9
04/13/2025 08:28:16 pm,75.300,-12.890000,0.8,1.9
04/13/2025 08:28:16 pm,75.350,-13.075000,0.8,1.9
04/13/2025 08:28:16 pm,75.400,-13.250000,0.8,1.9
04/13/2025 08:28:16 pm,75.450,-13.615000,0.7,1.9
04/13/2025 08:28:16 pm,75.500,-13.910000,0.6,1.8
04/13/2025 08:28:16 pm,75.550,-14.335000,0.5,1.7
04/13/2025 08:28:16 pm,75.600,-14.575000,0.5,1.7
04/13/2025 08:28:16 pm,75.650,-14.855000,0.5,1.7
04/13/2025 08:28:16 pm,75.700,-15.065000,0.4,1.6
04/13/2025 08:28:16 pm,75.750,-15.180000,0.4,1.6
04/13/2025 08:28:16 pm,75.800,-15.260000,0.4,1.6
04/13/2025 08:28:16 pm,75.850,-15.330000,0.4,1.6
04/13/2025 08:28:16 pm,75.900,-15.330000,0.4,1.6
04/13/2025 08:28:16 pm,75.950,-15.330000,0.4,1.6
04/13/2025 08:28:17 pm,76.000,-15.330000,0.4,1.6
04/13/2025 08:28:17 pm,76.050,-15.330000,0.4,1.6
04/13/2025 08:28:17 pm,76.100,-15.330000,0.4,1.7
04/13/2025 08:28:17 pm,76.150,-15.465000,0.5,1.7
04/13/2025 08:28:17 pm,76.200,-15.640000,0.5,1.7
04/13/2025 08:28:17 pm,76.250,-15.835000,0.5,1.7
04/13/2025 08:28:17 pm,76.300,-16.020000,0.6,1.8
04/13/2025 08:28:17 pm,76.350,-16.285000,0.6,1.8
04/13/2025 08:28:17 pm,76.400,-16.390000,0.6,1.8
04/13/2025 08:28:17 pm,76.450,-16.670000,0.6,1.8
04/13/2025 08:28:17 pm,76.500,-16.850000,0.6,1.8
04/13/2025 08:28:17 pm,76.550,-17.055000,0.6,1.8
04/13/2025 08:28:17 pm,76.600,-17.235000,0.6,1.8
04/13/2025 08:28:17 pm,76.650,-17.420000,0.6,1.8
04/13/2025 08:28:17 pm,76.700,-17.570000,0.5,1.7
04/13/2025 08:28:17 pm,76.750,-17.705000,0.5,1.7
04/13/2025 08:28:17 pm,76.800,-17.885000,0.5,1.7
04/13/2025 08:28:17 pm,76.850,-18.080000,0.5,1.7
04/13/2025 08:28:17 pm,76.900,-18.250000,0.5,1.7
04/13/2025 08:28:17 pm,76.950,-18.505000,0.4,1.6
04/13/2025 08:28:18 pm,77.000,-18.610000,0.4,1.6
04/13/2025 08:28:18 pm,77.050,-18.870000,0.4,1.6
04/13/2025 08:28:18 pm,77.100,-19.365000,0.4,1.6
04/13/2025 08:28:18 pm,77.150,-19.540000,0.5,1.7
04/13/2025 08:28:18 pm,77.200,-19.655000,0.5,1.7
04/13/2025 08:28:18 pm,77.250,-20.090000,0.5,1.7
04/13/2025 08:28:18 pm,77.300,-20.485000,0.6,1.7
04/13/2025 08:28:18 pm,77.350,-20.775000,0.5,1.7
04/13/2025 08:28:18 pm,77.400,-21.120000,0.5,1.7
04/13/2025 08:28:18 pm,77.450,-21.315000,0.5,1.7
04/13/2025 08:28:18 pm,77.500,-21.625000,0.5,1.7
04/13/2025 08:28:18 pm,77.550,-22.025000,0.4,1.6
04/13/2025 08:28:18 pm,77.600,-22.250000,0.4,1.6
04/13/2025 08:28:18 pm,77.650,-22.725000,0.4,1.6
04/13/2025 08:28:18 pm,77.700,-23.180000,0.5,1.7
04/13/2025 08:28:18 pm,77.750,-23.430000,0.5,1.7
04/13/2025 08:28:18 pm,77.800,-23.765000,0.5,1.7
04/13/2025 08:28:18 pm,77.850,-23.820000,0.5,1.7
04/13/2025 08:28:18 pm,77.900,-24.190000,0.5,1.7
04/13/2025 08:28:18 pm,77.950,-24.530000,0.5,1.7
04/13/2025 08:28:19 pm,78.000,-24.630000,0.5,1.7
04/13/2025 08:28:19 pm,78.050,-24.840000,0.5,1.7
04/13/2025 08:28:19 pm,78.100,-24.965000,0.5,1.7
04/13/2025 08:28:19 pm,78.150,-25.125000,0.5,1.7
04/13/2025 08:28:19 pm,78.200,-25.210000,0.5,1.7
04/13/2025 08:28:19 pm,78.250,-25.350000,0.4,1.7
04/13/2025 08:28:19 pm,78.300,-25.705000,0.4,1.6
04/13/2025 08:28:19 pm,78.350,-25.890000,0.4,1.6
04/13/2025 08:28:19 pm,78.400,-26.100000,0.4,1.6
04/13/2025 08:28:19 pm,78.450,-26.170000,0.4,1.6
04/13/2025 08:28:19 pm,78.500,-26.250000,0.4,1.6
04/13/2025 08:28:19 pm,78.550,-26.315000,0.4,1.6
04/13/2025 08:28:19 pm,78.600,-26.515000,0.4,1.6
04/13/2025 08:28:19 pm,78.650,-26.545000,0.5,1.7
04/13/2025 08:28:19 pm,78.700,-26.685000,0.4,1.7
04/13/2025 08:28:19 pm,78.750,-26.840000,0.5,1.7
04/13/2025 08:28:19 pm,78.800,-27.000000,0.5,1.7
04/13/2025 08:28:19 pm,78.850,-27.180000,0.5,1.7
04/13/2025 08:28:19 pm,78.900,-27.325000,0.5,1.7
04/13/2025 08:28:19 pm,78.950,-27.470000,0.5,1.7
04/13/2025 08:28:20 pm,79.000,-27.610000,0.5,1.7
04/13/2025 08:28:20 pm,79.050,-27.835000,0.5,1.7
04/13/2025 08:28:20 pm,79.100,-28.065000,0.5,1.7
04/13/2025 08:28:20 pm,79.150,-28.305000,0.5,1.7
04/13/2025 08:28:20 pm,79.200,-28.525000,0.5,1.7
04/13/2025 08:28:20 pm,79.250,-28.965000,0.5,1.7
04/13/2025 08:28:20 pm,79.300,-29.210000,0.4,1.6
04/13/2025 08:28:20 pm,79.350,-29.370000,0.4,1.6
04/13/2025 08:28:20 pm,79.400,-29.650000,0.4,1.6
04/13/2025 08:28:20 pm,79.450,-29.890000,0.4,1.6
04/13/2025 08:28:20 pm,79.500,-30.095000,0.4,1.6
04/13/2025 08:28:20 pm,79.550,-30.365000,0.4,1.6
04/13/2025 08:28:20 pm,79.600,-30.595000,0.5,1.7
04/13/2025 08:28:20 pm,79.650,-30.795000,0.4,1.7
04/13/2025 08:28:20 pm,79.700,-31.035000,0.5,1.7
04/13/2025 08:28:20 pm,79.750,-31.295000,0.5,1.7
04/13/2025 08:28:20 pm,79.800,-31.590000,0.5,1.7
04/13/2025 08:28:20 pm,79.850,-31.825000,0.5,1.7
04/13/2025 08:28:20 pm,79.900,-32.175000,0.5,1.7
04/13/2025 08:28:20 pm,79.950,-32.255000,0.5,1.7
04/13/2025 08:28:21 pm,80.000,-32.420000,0.5,1.7
04/13/2025 08:28:21 pm,80.050,-32.600000,0.5,1.7
04/13/2025 08:28:21 pm,80.100,-32.795000,0.4,1.6
04/13/2025 08:28:21 pm,80.150,-32.965000,0.4,1.6
04/13/2025 08:28:21 pm,80.200,-33.160000,0.4,1.6
04/13/2025 08:28:21 pm,80.250,-33.310000,0.4,1.6
04/13/2025 08:28:21 pm,80.300,-33.425000,0.4,1.6
04/13/2025 08:28:21 pm,80.350,-33.620000,0.4,1.6
04/13/2025 08:28:21 pm,80.400,-33.695000,0.4,1.6
04/13/2025 08:28:21 pm,80.450,-33.860000,0.4,1.6
04/13/2025 08:28:21 pm,80.500,-34.020000,0.4,1.6
04/13/2025 08:28:21 pm,80.550,-34.205000,0.4,1.6
04/13/2025 08:28:21 pm,80.600,-34.485000,0.5,1.7
04/13/2025 08:28:21 pm,80.650,-34.600000,0.5,1.7
04/13/2025 08:28:21 pm,80.700,-34.825000,0.5,1.7
04/13/2025 08:28:21 pm,80.750,-34.975000,0.5,1.7
04/13/2025 08:28:21 pm,80.800,-35.140000,0.5,1.7
04/13/2025 08:28:21 pm,80.850,-35.200000,0.5,1.7
04/13/2025 08:28:21 pm,80.900,-35.260000,0.5,1.7
04/13/2025 08:28:21 pm,80.950,-35.305000,0.5,1.7
04/13/2025 08:28:22 pm,81.000,-35.330000,0.5,1.7
04/13/2025 08:28:22 pm,81.050,-35.385000,0.5,1.7
04/13/2025 08:28:22 pm,81.100,-35.395000,0.5,1.7
04/13/2025 08:28:22 pm,81.150,-35.395000,0.5,1.7
04/13/2025 08:28:22 pm,81.200,-35.395000,0.5,1.7
04/13/2025 08:28:22 pm,81.250,-35.395000,0.5,1.7
04/13/2025 08:28:22 pm,81.300,-35.395000,0.5,1.7
04/13/2025 08:28:22 pm,81.350,-35.445000,0.5,1.7
04/13/2025 08:28:22 pm,81.400,-35.790000,0.5,1.7
04/13/2025 08:28:22 pm,81.450,-36.150000,0.4,1.6
04/13/2025 08:28:22 pm,81.500,-36.395000,0.4,1.6
04/13/2025 08:28:22 pm,81.550,-36.690000,0.4,1.6
04/13/2025 08:28:22 pm,81.600,-36.870000,0.4,1.6
04/13/2025 08:28:22 pm,81.650,-37.100000,0.4,1.6
04/13/2025 08:28:22 pm,81.700,-37.270000,0.4,1.6
04/13/2025 08:28:22 pm,81.750,-37.465000,0.4,1.6
04/13/2025 08:28:22 pm,81.800,-37.490000,0.4,1.6
04/13/2025 08:28:22 pm,81.850,-37.685000,0.4,1.6
04/13/2025 08:28:22 pm,81.900,-37.710000,0.5,1.7
04/13/2025 08:28:22 pm,81.950,-37.785000,0.4,1.6
04/13/2025 08:28:23 pm,82.000,-37.790000,0.5,1.7
04/13/2025 08:28:23 pm,82.050,-37.790000,0.4,1.6
04/13/2025 08:28:23 pm,82.100,-37.790000,0.4,1.7
04/13/2025 08:28:23 pm,82.150,-37.790000,0.4,1.6
04/13/2025 08:28:23 pm,82.200,-37.790000,0.4,1.7
04/13/2025 08:28:23 pm,82.250,-37.790000,0.4,1.6
04/13/2025 08:28:23 pm,82.300,-37.790000,0.4,1.6
04/13/2025 08:28:23 pm,82.350,-37.790000,0.5,1.7
04/13/2025 08:28:23 pm,82.400,-37.830000,0.4,1.6
04/13/2025 08:28:23 pm,82.450,-37.890000,0.4,1.6
04/13/2025 08:28:23 pm,82.500,-38.010000,0.4,1.7
04/13/2025 08:28:23 pm,82.550,-38.200000,0.4,1.7
04/13/2025 08:28:23 pm,82.600,-38.290000,0.5,1.7
04/13/2025 08:28:23 pm,82.650,-38.615000,0.5,1.7
04/13/2025 08:28:23 pm,82.700,-38.745000,0.5,1.7
04/13/2025 08:28:23 pm,82.750,-38.765000,0.5,1.7
04/13/2025 08:28:23 pm,82.800,-38.815000,0.5,1.7
04/13/2025 08:28:23 pm,82.850,-38.925000,0.5,1.7
04/13/2025 08:28:23 pm,82.900,-39.090000,0.5,1.7
04/13/2025 08:28:23 pm,82.950,-39.305000,0.5,1.7
04/13/2025 08:28:24 pm,83.000,-39.585000,0.5,1.7
04/13/2025 08:28:24 pm,83.050,-39.700000,0.5,1.7
04/13/2025 08:28:24 pm,83.100,-39.875000,0.5,1.7
04/13/2025 08:28:24 pm,83.150,-40.030000,0.4,1.6
04/13/2025 08:28:24 pm,83.200,-40.115000,0.4,1.6
04/13/2025 08:28:24 pm,83.250,-40.220000,0.4,1.7
04/13/2025 08:28:24 pm,83.300,-40.290000,0.4,1.6
04/13/2025 08:28:24 pm,83.350,-40.475000,0.4,1.6
04/13/2025 08:28:24 pm,83.400,-40.660000,0.4,1.6
04/13/2025 08:28:24 pm,83.450,-40.815000,0.4,1.6
04/13/2025 08:28:24 pm,83.500,-41.005000,0.4,1.6
04/13/2025 08:28:24 pm,83.550,-41.205000,0.4,1.6
04/13/2025 08:28:24 pm,83.600,-41.435000,0.4,1.7
04/13/2025 08:28:24 pm,83.650,-41.715000,0.4,1.6
04/13/2025 08:28:24 pm,83.700,-42.010000,0.5,1.7
04/13/2025 08:28:24 pm,83.750,-42.490000,0.5,1.7
04/13/2025 08:28:24 pm,83.800,-42.580000,0.5,1.7
04/13/2025 08:28:24 pm,83.850,-42.650000,0.5,1.7
04/13/2025 08:28:24 pm,83.900,-42.805000,0.5,1.7
04/13/2025 08:28:24 pm,83.950,-42.950000,0.5,1.7
04/13/2025 08:28:25 pm,84.000,-43.095000,0.5,1.7
04/13/2025 08:28:25 pm,84.050,-43.460000,0.4,1.6
04/13/2025 08:28:25 pm,84.100,-43.705000,0.4,1.6
04/13/2025 08:28:25 pm,84.150,-44.020000,0.4,1.6
04/13/2025 08:28:25 pm,84.200,-44.335000,0.4,1.6
04/13/2025 08:28:25 pm,84.250,-44.400000,0.4,1.6
04/13/2025 08:28:25 pm,84.300,-44.720000,0.4,1.6
04/13/2025 08:28:25 pm,84.350,-44.860000,0.4,1.6
04/13/2025 08:28:25 pm,84.400,-45.040000,0.4,1.6
04/13/2025 08:28:25 pm,84.450,-45.215000,0.4,1.7
04/13/2025 08:28:25 pm,84.500,-45.320000,0.4,1.7
04/13/2025 08:28:25 pm,84.550,-45.395000,0.4,1.7
04/13/2025 08:28:25 pm,84.600,-45.495000,0.5,1.7
04/13/2025 08:28:25 pm,84.650,-45.495000,0.4,1.7
04/13/2025 08:28:25 pm,84.700,-45.495000,0.4,1.6
04/13/2025 08:28:25 pm,84.750,-45.495000,0.5,1.7
04/13/2025 08:28:25 pm,84.800,-45.495000,0.5,1.7
04/13/2025 08:28:25 pm,84.850,-45.495000,0.4,1.7
04/13/2025 08:28:25 pm,84.900,-45.495000,0.4,1.6
04/13/2025 08:28:25 pm,84.950,-45.585000,0.5,1.7
04/13/2025 08:28:26 pm,85.000,-45.965000,0.5,1.7
04/13/2025 08:28:26 pm,85.050,-46.350000,0.5,1.7
04/13/2025 08:28:26 pm,85.100,-46.670000,0.5,1.7
04/13/2025 08:28:26 pm,85.150,-47.090000,0.4,1.6
04/13/2025 08:28:26 pm,85.200,-47.415000,0.4,1.7
04/13/2025 08:28:26 pm,85.250,-47.540000,0.4,1.6
04/13/2025 08:28:26 pm,85.300,-47.690000,0.4,1.6
04/13/2025 08:28:26 pm,85.350,-47.850000,0.4,1.6
04/13/2025 08:28:26 pm,85.400,-48.085000,0.4,1.6
04/13/2025 08:28:26 pm,85.450,-48.245000,0.4,1.6
04/13/2025 08:28:26 pm,85.500,-48.350000,0.4,1.6
04/13/2025 08:28:26 pm,85.550,-48.465000,0.4,1.6
04/13/2025 08:28:26 pm,85.600,-48.730000,0.4,1.6
04/13/2025 08:28:26 pm,85.650,-48.845000,0.4,1.6
04/13/2025 08:28:26 pm,85.700,-49.335000,0.4,1.6
04/13/2025 08:28:26 pm,85.750,-49.545000,0.4,1.6
04/13/2025 08:28:26 pm,85.800,-49.860000,0.4,1.6
04/13/2025 08:28:26 pm,85.850,-50.300000,0.4,1.6
04/13/2025 08:28:26 pm,85.900,-50.330000,0.4,1.6
04/13/2025 08:28:26 pm,85.950,-50.380000,0.4,1.7
04/13/2025 08:28:27 pm,86.000,-50.510000,0.4,1.7
04/13/2025 08:28:27 pm,86.050,-50.630000,0.4,1.6
04/13/2025 08:28:27 pm,86.100,-50.785000,0.4,1.6
04/13/2025 08:28:27 pm,86.150,-50.985000,0.4,1.6
04/13/2025 08:28:27 pm,86.200,-51.110000,0.4,1.6
04/13/2025 08:28:27 pm,86.250,-51.370000,0.4,1.6
04/13/2025 08:28:27 pm,86.300,-51.465000,0.4,1.6
04/13/2025 08:28:27 pm,86.350,-51.605000,0.4,1.6
04/13/2025 08:28:27 pm,86.400,-51.745000,0.4,1.6
04/13/2025 08:28:27 pm,86.450,-51.910000,0.4,1.6
04/13/2025 08:28:27 pm,86.500,-52.145000,0.4,1.6
04/13/2025 08:28:27 pm,86.550,-52.210000,0.4,1.6
04/13/2025 08:28:27 pm,86.600,-52.410000,0.4,1.6
04/13/2025 08:28:27 pm,86.650,-52.565000,0.4,1.6
04/13/2025 08:28:27 pm,86.700,-52.780000,0.4,1.6
04/13/2025 08:28:27 pm,86.750,-52.995000,0.4,1.7
04/13/2025 08:28:27 pm,86.800,-53.175000,0.5,1.7
04/13/2025 08:28:27 pm,86.850,-53.565000,0.4,1.7
04/13/2025 08:28:27 pm,86.900,-53.815000,0.4,1.7
04/13/2025 08:28:27 pm,86.950,-53.995000,0.5,1.7
04/13/2025 08:28:28 pm,87.000,-54.370000,0.4,1.6
04/13/2025 08:28:28 pm,87.050,-54.500000,0.4,1.6
04/13/2025 08:28:28 pm,87.100,-54.635000,0.4,1.6
04/13/2025 08:28:28 pm,87.150,-54.785000,0.4,1.6
04/13/2025 08:28:28 pm,87.200,-54.905000,0.4,1.6
04/13/2025 08:28:28 pm,87.250,-55.080000,0.4,1.6
04/13/2025 08:28:28 pm,87.300,-55.170000,0.4,1.6
04/13/2025 08:28:28 pm,87.350,-55.230000,0.4,1.6
04/13/2025 08:28:28 pm,87.400,-55.270000,0.4,1.6
04/13/2025 08:28:28 pm,87.450,-55.320000,0.4,1.6
04/13/2025 08:28:28 pm,87.500,-55.445000,0.4,1.6
04/13/2025 08:28:28 pm,87.550,-55.590000,0.4,1.6
04/13/2025 08:28:28 pm,87.600,-55.870000,0.4,1.6
04/13/2025 08:28:28 pm,87.650,-55.945000,0.4,1.6
04/13/2025 08:28:28 pm,87.700,-56.010000,0.4,1.6
04/13/2025 08:28:28 pm,87.750,-56.160000,0.4,1.6
04/13/2025 08:28:28 pm,87.800,-56.270000,0.4,1.6
04/13/2025 08:28:28 pm,87.850,-56.555000,0.4,1.6
04/13/2025 08:28:28 pm,87.900,-56.780000,0.4,1.6
04/13/2025 08:28:28 pm,87.950,-57.065000,0.5,1.7
04/13/2025 08:28:29 pm,88.000,-57.315000,0.4,1.7
04/13/2025 08:28:29 pm,88.050,-57.490000,0.4,1.6
04/13/2025 08:28:29 pm,88.100,-57.650000,0.4,1.7
04/13/2025 08:28:29 pm,88.150,-57.800000,0.4,1.6
04/13/2025 08:28:29 pm,88.200,-57.930000,0.4,1.6
04/13/2025 08:28:29 pm,88.250,-58.120000,0.4,1.7
04/13/2025 08:28:29 pm,88.300,-58.235000,0.4,1.6
04/13/2025 08:28:29 pm,88.350,-58.385000,0.4,1.6
04/13/2025 08:28:29 pm,88.400,-58.435000,0.4,1.6
04/13/2025 08:28:29 pm,88.450,-58.500000,0.4,1.6
04/13/2025 08:28:29 pm,88.500,-58.565000,0.4,1.6
04/13/2025 08:28:29 pm,88.550,-58.660000,0.4,1.6
04/13/2025 08:28:29 pm,88.600,-58.880000,0.4,1.6
04/13/2025 08:28:29 pm,88.650,-59.015000,0.4,1.6
04/13/2025 08:28:29 pm,88.700,-59.550000,0.4,1.6
04/13/2025 08:28:29 pm,88.750,-59.810000,0.4,1.6
04/13/2025 08:28:29 pm,88.800,-59.915000,0.5,1.7
04/13/2025 08:28:29 pm,88.850,-60.105000,0.4,1.6
04/13/2025 08:28:29 pm,88.900,-60.180000,0.4,1.7
04/13/2025 08:28:29 pm,88.950,-60.305000,0.4,1.6
04/13/2025 08:28:30 pm,89.000,-60.510000,0.4,1.6
04/13/2025 08:28:30 pm,89.050,-60.695000,0.4,1.6
04/13/2025 08:28:30 pm,89.100,-60.810000,0.4,1.7
04/13/2025 08:28:30 pm,89.150,-60.980000,0.4,1.6
04/13/2025 08:28:30 pm,89.200,-61.200000,0.4,1.6
04/13/2025 08:28:30 pm,89.250,-61.430000,0.4,1.6
04/13/2025 08:28:30 pm,89.300,-61.610000,0.4,1.6
04/13/2025 08:28:30 pm,89.350,-61.825000,0.4,1.6
04/13/2025 08:28:30 pm,89.400,-61.930000,0.4,1.6
04/13/2025 08:28:30 pm,89.450,-62.125000,0.4,1.6
04/13/2025 08:28:30 pm,89.500,-62.205000,0.4,1.6
04/13/2025 08:28:30 pm,89.550,-62.305000,0.4,1.6
04/13/2025 08:28:30 pm,89.600,-62.445000,0.4,1.6
04/13/2025 08:28:30 pm,89.650,-62.590000,0.4,1.6
04/13/2025 08:28:30 pm,89.700,-62.770000,0.4,1.6
04/13/2025 08:28:30 pm,89.750,-62.900000,0.4,1.6
04/13/2025 08:28:30 pm,89.800,-63.120000,0.4,1.6
04/13/2025 08:28:30 pm,89.850,-63.325000,0.4,1.6
04/13/2025 08:28:30 pm,89.900,-63.330000,0.4,1.6
04/13/2025 08:28:30 pm,89.950,-63.350000,0.4,1.6
04/13/2025 08:28:31 pm,90.000,-63.350000,0.4,1.6
04/13/2025 08:28:31 pm,90.050,-63.350000,0.4,1.6
04/13/2025 08:28:31 pm,90.100,-63.350000,0.4,1.6
04/13/2025 08:28:31 pm,90.150,-63.350000,0.4,1.6
04/13/2025 08:28:31 pm,90.200,-63.350000,0.4,1.6
04/13/2025 08:28:31 pm,90.250,-63.310000,0.4,1.6
04/13/2025 08:28:31 pm,90.300,-63.255000,0.4,1.6
04/13/2025 08:28:31 pm,90.350,-63.245000,0.4,1.6
04/13/2025 08:28:31 pm,90.400,-63.240000,0.4,1.6
04/13/2025 08:28:31 pm,90.450,-63.215000,0.4,1.6
04/13/2025 08:28:31 pm,90.500,-63.175000,0.4,1.6
04/13/2025 08:28:31 pm,90.550,-63.160000,0.4,1.6
04/13/2025 08:28:31 pm,90.600,-63.155000,0.4,1.6
04/13/2025 08:28:31 pm,90.650,-63.155000,0.4,1.6
04/13/2025 08:28:31 pm,90.700,-63.155000,0.4,1.6
04/13/2025 08:28:31 pm,90.750,-63.155000,0.4,1.6
04/13/2025 08:28:31 pm,90.800,-63.155000,0.4,1.6
04/13/2025 08:28:31 pm,90.850,-63.155000,0.4,1.6
04/13/2025 08:28:31 pm,90.900,-63.155000,0.4,1.6
04/13/2025 08:28:31 pm,90.950,-63.155000,0.4,1.6
04/13/2025 08:28:32 pm,91.000,-63.155000,0.4,1.6
04/13/2025 08:28:32 pm,91.050,-63.155000,0.4,1.6
04/13/2025 08:28:32 pm,91.100,-63.155000,0.4,1.6
04/13/2025 08:28:32 pm,91.150,-63.155000,0.4,1.6
04/13/2025 08:28:32 pm,91.200,-63.155000,0.4,1.6
04/13/2025 08:28:32 pm,91.250,-63.155000,0.4,1.6
04/13/2025 08:28:32 pm,91.300,-63.155000,0.4,1.6
04/13/2025 08:28:32 pm,91.350,-63.155000,0.4,1.6
04/13/2025 08:28:32 pm,91.400,-63.155000,0.4,1.6
04/13/2025 08:28:32 pm,91.450,-63.155000,0.4,1.6
04/13/2025 08:28:32 pm,91.500,-63.155000,0.4,1.6
04/13/2025 08:28:32 pm,91.550,-63.155000,0.4,1.6
04/13/2025 08:28:32 pm,91.600,-63.155000,0.4,1.6
04/13/2025 08:28:32 pm,91.650,-63.155000,0.4,1.6
04/13/2025 08:28:32 pm,91.700,-63.155000,0.4,1.6
04/13/2025 08:28:32 pm,91.750,-63.155000,0.4,1.6
04/13/2025 08:28:32 pm,91.800,-63.155000,0.4,1.6
04/13/2025 08:28:32 pm,91.850,-63.155000,0.4,1.6
04/13/2025 08:28:32 pm,91.900,-63.155000,0.4,1.6
04/13/2025 08:28:32 pm,91.950,-63.155000,0.4,1.6
04/13/2025 08:28:33 pm,92.000,-63.155000,0.4,1.6
04/13/2025 08:28:33 pm,92.050,-63.155000,0.4,1.6
04/13/2025 08:28:33 pm,92.100,-63.155000,0.4,1.6
04/13/2025 08:28:33 pm,92.150,-63.155000,0.4,1.6
04/13/2025 08:28:33 pm,92.200,-63.155000,0.4,1.6
04/13/2025 08:28:33 pm,92.250,-63.155000,0.4,1.6
04/13/2025 08:28:33 pm,92.300,-63.155000,0.4,1.6
04/13/2025 08:28:33 pm,92.350,-63.155000,0.4,1.6
04/13/2025 08:28:33 pm,92.400,-63.155000,0.4,1.6
04/13/2025 08:28:33 pm,92.450,-63.155000,0.4,1.6
04/13/2025 08:28:33 pm,92.500,-63.155000,0.4,1.6
04/13/2025 08:28:33 pm,92.550,-63.155000,0.4,1.6
04/13/2025 08:28:33 pm,92.600,-63.155000,0.4,1.6
04/13/2025 08:28:33 pm,92.650,-63.155000,0.4,1.6
04/13/2025 08:28:33 pm,92.700,-63.155000,0.4,1.6
04/13/2025 08:28:33 pm,92.750,-63.155000,0.4,1.6
04/13/2025 08:28:33 pm,92.800,-63.155000,0.4,1.6
04/13/2025 08:28:33 pm,92.850,-63.155000,0.4,1.6
04/13/2025 08:28:33 pm,92.900,-63.155000,0.4,1.6
04/13/2025 08:28:33 pm,92.950,-63.155000,0.4,1.6
04/13/2025 08:28:34 pm,93.000,-63.155000,0.4,1.6
04/13/2025 08:28:34 pm,93.050,-63.155000,0.4,1.6
04/13/2025 08:28:34 pm,93.100,-63.155000,0.4,1.6
04/13/2025 08:28:34 pm,93.150,-63.155000,0.4,1.6
04/13/2025 08:28:34 pm,93.200,-63.155000,0.4,1.6
04/13/2025 08:28:34 pm,93.250,-63.155000,0.4,1.6
04/13/2025 08:28:34 pm,93.300,-63.155000,0.4,1.6
04/13/2025 08:28:34 pm,93.350,-63.155000,0.4,1.6
04/13/2025 08:28:34 pm,93.400,-63.155000,0.4,1.6
04/13/2025 08:28:34 pm,93.450,-63.155000,0.4,1.6
04/13/2025 08:28:34 pm,93.500,-63.155000,0.4,1.6
04/13/2025 08:28:34 pm,93.550,-63.155000,0.4,1.6
04/13/2025 08:28:34 pm,93.600,-63.155000,0.4,1.6
04/13/2025 08:28:34 pm,93.650,-63.155000,0.4,1.6
04/13/2025 08:28:34 pm,93.700,-63.155000,0.4,1.6
04/13/2025 08:28:34 pm,93.750,-63.155000,0.4,1.6
04/13/2025 08:28:34 pm,93.800,-63.155000,0.4,1.6
04/13/2025 08:28:34 pm,93.850,-63.155000,0.4,1.6
04/13/2025 08:28:34 pm,93.900,-63.155000,0.4,1.6
04/13/2025 08:28:34 pm,93.950,-63.155000,0.4,1.6
04/13/2025 08:28:35 pm,94.000,-63.155000,0.4,1.6
04/13/2025 08:28:35 pm,94.050,-63.155000,0.4,1.6
04/13/2025 08:28:35 pm,94.100,-63.155000,0.4,1.6
04/13/2025 08:28:35 pm,94.150,-63.155000,0.4,1.6
04/13/2025 08:28:35 pm,94.200,-63.155000,0.4,1.6
04/13/2025 08:28:35 pm,94.250,-63.155000,0.4,1.6
04/13/2025 08:28:35 pm,94.300,-63.155000,0.4,1.6
04/13/2025 08:28:35 pm,94.350,-63.155000,0.4,1.6
04/13/2025 08:28:35 pm,94.400,-63.155000,0.4,1.6
04/13/2025 08:28:35 pm,94.450,-63.155000,0.4,1.6
04/13/2025 08:28:35 pm,94.500,-63.155000,0.4,1.6
04/13/2025 08:28:35 pm,94.550,-63.155000,0.4,1.6
04/13/2025 08:28:35 pm,94.600,-63.155000,0.4,1.6
04/13/2025 08:28:35 pm,94.650,-63.155000,0.4,1.6
04/13/2025 08:28:35 pm,94.700,-63.155000,0.4,1.6
04/13/2025 08:28:35 pm,94.750,-63.155000,0.4,1.6
04/13/2025 08:28:35 pm,94.800,-63.155000,0.4,1.6
04/13/2025 08:28:35 pm,94.850,-63.155000,0.4,1.6
04/13/2025 08:28:35 pm,94.900,-63.155000,0.4,1.6
04/13/2025 08:28:35 pm,94.950,-63.155000,0.4,1.6
04/13/2025 08:28:36 pm,95.000,-63.155000,0.4,1.6
04/13/2025 08:28:36 pm,95.050,-63.155000,0.4,1.6
04/13/2025 08:28:36 pm,95.100,-63.155000,0.4,1.6
04/13/2025 08:28:36 pm,95.150,-63.155000,0.4,1.6
04/13/2025 08:28:36 pm,95.200,-63.155000,0.4,1.6
04/13/2025 08:28:36 pm,95.250,-63.155000,0.4,1.6
04/13/2025 08:28:36 pm,95.300,-63.155000,0.4,1.6
04/13/2025 08:28:36 pm,95.350,-63.155000,0.4,1.6
04/13/2025 08:28:36 pm,95.400,-63.155000,0.4,1.6
04/13/2025 08:28:36 pm,95.450,-63.155000,0.4,1.6
04/13/2025 08:28:36 pm,95.500,-63.155000,0.4,1.6
04/13/2025 08:28:36 pm,95.550,-63.155000,0.4,1.6
04/13/2025 08:28:36 pm,95.600,-63.155000,0.4,1.6
04/13/2025 08:28:36 pm,95.650,-63.155000,0.4,1.6
04/13/2025 08:28:36 pm,95.700,-63.155000,0.4,1.6
04/13/2025 08:28:36 pm,95.750,-63.155000,0.4,1.6
04/13/2025 08:28:36 pm,95.800,-63.155000,0.4,1.6
04/13/2025 08:28:36 pm,95.850,-63.155000,0.4,1.6
04/13/2025 08:28:36 pm,95.900,-63.155000,0.4,1.6
04/13/2025 08:28:36 pm,95.950,-63.155000,0.4,1.6
04/13/2025 08:28:37 pm,96.000,-63.155000,0.4,1.6
04/13/2025 08:28:37 pm,96.050,-63.155000,0.4,1.6
04/13/2025 08:28:37 pm,96.100,-63.155000,0.4,1.6
04/13/2025 08:28:37 pm,96.150,-63.155000,0.4,1.6
04/13/2025 08:28:37 pm,96.200,-63.155000,0.4,1.6
04/13/2025 08:28:37 pm,96.250,-63.155000,0.4,1.6
04/13/2025 08:28:37 pm,96.300,-63.155000,0.4,1.6
