Date and Time Run 1,Time (s) Run 1,Position (mm) Run 1,Light Intensity (%) Run 1,Log of Light Intensity Run 1
4/13/2025 21:16,0,0,8.9,2.9
4/13/2025 21:16,0.05,0,8.9,2.9
4/13/2025 21:16,0.1,0,8.9,2.9
4/13/2025 21:16,0.15,0,8.9,2.9
4/13/2025 21:16,0.2,0,8.9,2.9
4/13/2025 21:16,0.25,0,8.9,2.9
4/13/2025 21:16,0.3,0,8.9,2.9
4/13/2025 21:16,0.35,0,8.9,2.9
4/13/2025 21:16,0.4,0,8.9,2.9
4/13/2025 21:16,0.45,0,8.9,2.9
4/13/2025 21:16,0.5,0,8.9,2.9
4/13/2025 21:16,0.55,0,8.9,2.9
4/13/2025 21:16,0.6,0,8.9,2.9
4/13/2025 21:16,0.65,0,8.9,2.9
4/13/2025 21:16,0.7,0,8.9,2.9
4/13/2025 21:16,0.75,0,8.9,2.9
4/13/2025 21:16,0.8,0,8.9,2.9
4/13/2025 21:16,0.85,0,8.9,2.9
4/13/2025 21:16,0.9,0,8.9,2.9
4/13/2025 21:16,0.95,0,8.9,2.9
4/13/2025 21:16,1,0,8.9,2.9
4/13/2025 21:16,1.05,0,8.9,2.9
4/13/2025 21:16,1.1,0,8.9,2.9
4/13/2025 21:16,1.15,0,8.9,2.9
4/13/2025 21:16,1.2,0,8.9,2.9
4/13/2025 21:16,1.25,0,8.9,2.9
4/13/2025 21:16,1.3,0,8.9,2.9
4/13/2025 21:16,1.35,0,8.9,2.9
4/13/2025 21:16,1.4,0,8.9,2.9
4/13/2025 21:16,1.45,0,8.9,2.9
4/13/2025 21:16,1.5,0,8.9,2.9
4/13/2025 21:16,1.55,0,8.9,2.9
4/13/2025 21:16,1.6,0,8.9,2.9
4/13/2025 21:16,1.65,0,8.9,2.9
4/13/2025 21:16,1.7,0,8.9,2.9
4/13/2025 21:16,1.75,0,8.9,2.9
4/13/2025 21:16,1.8,0,8.9,2.9
4/13/2025 21:16,1.85,0,8.9,2.9
4/13/2025 21:16,1.9,0,8.9,2.9
4/13/2025 21:16,1.95,0,8.9,2.9
4/13/2025 21:16,2,0,8.9,2.9
4/13/2025 21:16,2.05,0,8.9,2.9
4/13/2025 21:16,2.1,0,8.9,2.9
4/13/2025 21:16,2.15,0,8.9,2.9
4/13/2025 21:16,2.2,0,8.9,2.9
4/13/2025 21:16,2.25,0,8.9,2.9
4/13/2025 21:16,2.3,0,8.9,2.9
4/13/2025 21:16,2.35,0,8.9,2.9
4/13/2025 21:16,2.4,0,8.9,2.9
4/13/2025 21:16,2.45,0,8.9,2.9
4/13/2025 21:16,2.5,0,8.9,2.9
4/13/2025 21:16,2.55,0,8.9,2.9
4/13/2025 21:16,2.6,0,8.9,2.9
4/13/2025 21:16,2.65,0,8.9,2.9
4/13/2025 21:16,2.7,0,8.9,2.9
4/13/2025 21:16,2.75,0,8.9,2.9
4/13/2025 21:16,2.8,0,8.9,2.9
4/13/2025 21:16,2.85,0,8.9,2.9
4/13/2025 21:16,2.9,0,8.9,2.9
4/13/2025 21:16,2.95,0,8.9,2.9
4/13/2025 21:16,3,0,8.9,2.9
4/13/2025 21:16,3.05,0,8.9,2.9
4/13/2025 21:16,3.1,0,8.9,2.9
4/13/2025 21:16,3.15,0,8.9,2.9
4/13/2025 21:16,3.2,0,8.9,2.9
4/13/2025 21:16,3.25,0,8.9,2.9
4/13/2025 21:16,3.3,0,8.9,2.9
4/13/2025 21:16,3.35,0,8.9,2.9
4/13/2025 21:16,3.4,0,8.9,2.9
4/13/2025 21:16,3.45,0,8.9,2.9
4/13/2025 21:16,3.5,0,8.9,2.9
4/13/2025 21:16,3.55,0,8.9,2.9
4/13/2025 21:16,3.6,0,8.9,2.9
4/13/2025 21:16,3.65,0,8.9,2.9
4/13/2025 21:16,3.7,0,8.9,2.9
4/13/2025 21:16,3.75,0,8.9,2.9
4/13/2025 21:16,3.8,0,8.9,2.9
4/13/2025 21:16,3.85,0,8.9,2.9
4/13/2025 21:16,3.9,0,8.9,2.9
4/13/2025 21:16,3.95,0,8.9,2.9
4/13/2025 21:16,4,0,8.9,2.9
4/13/2025 21:16,4.05,0,8.9,2.9
4/13/2025 21:16,4.1,0,8.9,2.9
4/13/2025 21:16,4.15,0,8.9,2.9
4/13/2025 21:16,4.2,0,8.9,2.9
4/13/2025 21:16,4.25,0,8.9,2.9
4/13/2025 21:16,4.3,0,8.9,2.9
4/13/2025 21:16,4.35,0,8.8,2.9
4/13/2025 21:16,4.4,0,8.8,2.9
4/13/2025 21:16,4.45,0,8.8,2.9
4/13/2025 21:16,4.5,0,8.9,2.9
4/13/2025 21:16,4.55,0,8.9,2.9
4/13/2025 21:16,4.6,0,8.8,2.9
4/13/2025 21:16,4.65,0,8.9,2.9
4/13/2025 21:16,4.7,0,8.9,3
4/13/2025 21:16,4.75,0,9,3
4/13/2025 21:16,4.8,0,9,3
4/13/2025 21:16,4.85,0,9,3
4/13/2025 21:16,4.9,0,9,3
4/13/2025 21:16,4.95,0,9,3
4/13/2025 21:16,5,0,9,3
4/13/2025 21:16,5.05,0,9,3
4/13/2025 21:16,5.1,0,9,3
4/13/2025 21:16,5.15,0,9,3
4/13/2025 21:16,5.2,0,9,3
4/13/2025 21:16,5.25,0,9,3
4/13/2025 21:16,5.3,0,9,3
4/13/2025 21:16,5.35,0,9,3
4/13/2025 21:16,5.4,0,9,3
4/13/2025 21:16,5.45,0,9,3
4/13/2025 21:16,5.5,0,9,3
4/13/2025 21:16,5.55,0,9,3
4/13/2025 21:16,5.6,0,9,3
4/13/2025 21:16,5.65,0,9,3
4/13/2025 21:16,5.7,0,9,3
4/13/2025 21:16,5.75,0,9,3
4/13/2025 21:16,5.8,0,9,3
4/13/2025 21:16,5.85,0,9,3
4/13/2025 21:16,5.9,0,9,3
4/13/2025 21:16,5.95,0,9,3
4/13/2025 21:16,6,0,9,3
4/13/2025 21:16,6.05,0,8.9,3
4/13/2025 21:16,6.1,0,8.9,2.9
4/13/2025 21:16,6.15,0,8.9,3
4/13/2025 21:16,6.2,0,8.9,3
4/13/2025 21:16,6.25,0,8.9,3
4/13/2025 21:16,6.3,0,8.9,2.9
4/13/2025 21:16,6.35,0,8.9,3
4/13/2025 21:16,6.4,0,8.9,3
4/13/2025 21:16,6.45,0,9,3
4/13/2025 21:16,6.5,0,8.9,3
4/13/2025 21:16,6.55,0,8.9,3
4/13/2025 21:16,6.6,0,8.9,3
4/13/2025 21:16,6.65,0,9,3
4/13/2025 21:16,6.7,0,8.9,3
4/13/2025 21:16,6.75,0,8.9,3
4/13/2025 21:16,6.8,0,8.9,3
4/13/2025 21:16,6.85,0,8.9,3
4/13/2025 21:16,6.9,0,8.9,3
4/13/2025 21:16,6.95,0,8.9,3
4/13/2025 21:16,7,0,8.9,3
4/13/2025 21:16,7.05,0,8.9,2.9
4/13/2025 21:16,7.1,0,8.9,2.9
4/13/2025 21:16,7.15,0,8.9,2.9
4/13/2025 21:16,7.2,0,8.9,2.9
4/13/2025 21:16,7.25,0,8.9,2.9
4/13/2025 21:16,7.3,0,8.9,2.9
4/13/2025 21:16,7.35,0,8.9,2.9
4/13/2025 21:16,7.4,0,8.8,2.9
4/13/2025 21:16,7.45,0.015,8.7,2.9
4/13/2025 21:16,7.5,0.075,8.8,2.9
4/13/2025 21:16,7.55,0.14,8.9,2.9
4/13/2025 21:16,7.6,0.22,9,3
4/13/2025 21:16,7.65,0.325,9,3
4/13/2025 21:16,7.7,0.42,8.8,2.9
4/13/2025 21:16,7.75,0.5,8.7,2.9
4/13/2025 21:16,7.8,0.575,8.6,2.9
4/13/2025 21:16,7.85,0.645,8.4,2.9
4/13/2025 21:16,7.9,0.71,8,2.9
4/13/2025 21:16,7.95,0.795,7.9,2.9
4/13/2025 21:16,8,0.835,7.4,2.9
4/13/2025 21:16,8.05,0.865,7.4,2.9
4/13/2025 21:16,8.1,1,6.9,2.8
4/13/2025 21:16,8.15,1.245,5.4,2.7
4/13/2025 21:16,8.2,1.435,4.5,2.6
4/13/2025 21:16,8.25,1.595,3.4,2.5
4/13/2025 21:16,8.3,1.77,2.6,2.4
4/13/2025 21:16,8.35,1.955,1.7,2.2
4/13/2025 21:16,8.4,2.155,1.1,2
4/13/2025 21:16,8.45,2.31,0.6,1.8
4/13/2025 21:16,8.5,2.365,0.6,1.7
4/13/2025 21:16,8.55,2.45,0.5,1.7
4/13/2025 21:16,8.6,2.515,0.5,1.7
4/13/2025 21:16,8.65,2.745,0.5,1.7
4/13/2025 21:16,8.7,3.06,1.1,2.1
4/13/2025 21:16,8.75,3.07,1.3,2.1
4/13/2025 21:16,8.8,3.15,1.4,2.1
4/13/2025 21:16,8.85,3.33,2.1,2.3
4/13/2025 21:16,8.9,3.375,2.4,2.4
4/13/2025 21:16,8.95,3.42,2.5,2.4
4/13/2025 21:16,9,3.585,3,2.5
4/13/2025 21:16,9.05,3.805,4.2,2.6
4/13/2025 21:16,9.1,3.97,4.7,2.7
4/13/2025 21:16,9.15,4.095,5.2,2.7
4/13/2025 21:16,9.2,4.275,5.7,2.8
4/13/2025 21:16,9.25,4.385,6,2.8
4/13/2025 21:16,9.3,4.445,6.1,2.8
4/13/2025 21:16,9.35,4.535,6.2,2.8
4/13/2025 21:16,9.4,4.6,6.3,2.8
4/13/2025 21:16,9.45,4.64,6.3,2.8
4/13/2025 21:16,9.5,4.77,6.3,2.8
4/13/2025 21:16,9.55,4.93,6.2,2.8
4/13/2025 21:16,9.6,5.02,6.1,2.8
4/13/2025 21:16,9.65,5.04,6,2.8
4/13/2025 21:16,9.7,5.205,5.8,2.8
4/13/2025 21:16,9.75,5.315,5.3,2.7
4/13/2025 21:16,9.8,5.35,5.3,2.7
4/13/2025 21:16,9.85,5.55,4.7,2.7
4/13/2025 21:16,9.9,5.635,4.2,2.6
4/13/2025 21:16,9.95,5.725,4.2,2.6
4/13/2025 21:16,10,5.965,3.2,2.5
4/13/2025 21:16,10.05,6.005,2.9,2.5
4/13/2025 21:16,10.1,6.005,3,2.5
4/13/2025 21:16,10.15,6.005,2.9,2.5
4/13/2025 21:16,10.2,6.11,2.8,2.4
4/13/2025 21:16,10.25,6.26,1.9,2.3
4/13/2025 21:16,10.3,6.28,2.1,2.3
4/13/2025 21:16,10.35,6.405,1.6,2.2
4/13/2025 21:16,10.4,6.415,1.6,2.2
4/13/2025 21:16,10.45,6.505,1.5,2.2
4/13/2025 21:16,10.5,6.665,1,2
4/13/2025 21:16,10.55,6.69,1,2
4/13/2025 21:16,10.6,6.74,0.9,2
4/13/2025 21:16,10.65,6.885,0.7,1.9
4/13/2025 21:16,10.7,7.015,0.5,1.7
4/13/2025 21:16,10.75,7.015,0.5,1.7
4/13/2025 21:16,10.8,7.015,0.5,1.7
4/13/2025 21:16,10.85,7.015,0.5,1.7
4/13/2025 21:16,10.9,7.01,0.5,1.7
4/13/2025 21:16,10.95,7.01,0.5,1.7
4/13/2025 21:16,11,7.01,0.5,1.7
4/13/2025 21:16,11.05,7.01,0.5,1.7
4/13/2025 21:16,11.1,7.01,0.5,1.7
4/13/2025 21:16,11.15,7.01,0.5,1.7
4/13/2025 21:16,11.2,7.01,0.5,1.7
4/13/2025 21:16,11.25,7.01,0.5,1.7
4/13/2025 21:16,11.3,7.01,0.5,1.7
4/13/2025 21:16,11.35,7.1,0.5,1.7
4/13/2025 21:16,11.4,7.135,0.4,1.6
4/13/2025 21:16,11.45,7.135,0.4,1.6
4/13/2025 21:16,11.5,7.25,0.5,1.7
4/13/2025 21:16,11.55,7.51,0.5,1.7
4/13/2025 21:16,11.6,7.725,0.7,1.9
4/13/2025 21:16,11.65,7.73,0.7,1.9
4/13/2025 21:16,11.7,7.74,0.7,1.9
4/13/2025 21:16,11.75,7.97,1,2
4/13/2025 21:16,11.8,8.085,1.2,2.1
4/13/2025 21:16,11.85,8.18,1.3,2.1
4/13/2025 21:16,11.9,8.325,1.5,2.2
4/13/2025 21:16,11.95,8.44,1.7,2.2
4/13/2025 21:16,12,8.575,1.8,2.3
4/13/2025 21:16,12.05,8.785,2,2.3
4/13/2025 21:16,12.1,9.1,2.1,2.3
4/13/2025 21:16,12.15,9.375,2.1,2.3
4/13/2025 21:16,12.2,9.63,1.9,2.3
4/13/2025 21:16,12.25,9.795,1.7,2.2
4/13/2025 21:16,12.3,9.915,1.7,2.2
4/13/2025 21:16,12.35,10.23,1.4,2.1
4/13/2025 21:16,12.4,10.545,1,2
4/13/2025 21:16,12.45,10.585,1,2
4/13/2025 21:16,12.5,10.8,0.8,1.9
4/13/2025 21:16,12.55,10.88,0.7,1.9
4/13/2025 21:16,12.6,10.885,0.7,1.9
4/13/2025 21:16,12.65,10.885,0.7,1.9
4/13/2025 21:16,12.7,10.95,0.7,1.9
4/13/2025 21:16,12.75,11.28,0.6,1.8
4/13/2025 21:16,12.8,11.565,0.5,1.7
4/13/2025 21:16,12.85,11.565,0.5,1.7
4/13/2025 21:16,12.9,11.69,0.4,1.7
4/13/2025 21:16,12.95,11.76,0.4,1.6
4/13/2025 21:16,13,11.855,0.4,1.6
4/13/2025 21:16,13.05,12.05,0.4,1.6
4/13/2025 21:16,13.1,12.085,0.4,1.7
4/13/2025 21:16,13.15,12.225,0.4,1.6
4/13/2025 21:16,13.2,12.545,0.5,1.7
4/13/2025 21:16,13.25,12.74,0.5,1.7
4/13/2025 21:16,13.3,12.92,0.5,1.7
4/13/2025 21:16,13.35,13.095,0.5,1.7
4/13/2025 21:16,13.4,13.235,0.5,1.7
4/13/2025 21:16,13.45,13.445,0.5,1.7
4/13/2025 21:16,13.5,13.545,0.5,1.7
4/13/2025 21:16,13.55,13.635,0.5,1.7
4/13/2025 21:16,13.6,13.83,0.5,1.7
4/13/2025 21:16,13.65,13.875,0.4,1.7
4/13/2025 21:16,13.7,13.935,0.4,1.6
4/13/2025 21:16,13.75,14.09,0.5,1.7
4/13/2025 21:16,13.8,14.095,0.4,1.6
4/13/2025 21:16,13.85,14.17,0.4,1.6
4/13/2025 21:16,13.9,14.295,0.4,1.6
4/13/2025 21:16,13.95,14.425,0.4,1.6
4/13/2025 21:16,14,14.6,0.4,1.6
4/13/2025 21:16,14.05,14.63,0.4,1.6
4/13/2025 21:16,14.1,14.865,0.4,1.6
4/13/2025 21:16,14.15,14.99,0.4,1.6
4/13/2025 21:16,14.2,15,0.4,1.6
4/13/2025 21:16,14.25,15,0.4,1.6
4/13/2025 21:16,14.3,15,0.4,1.7
4/13/2025 21:16,14.35,15,0.4,1.6
4/13/2025 21:16,14.4,15,0.4,1.6
4/13/2025 21:16,14.45,15,0.4,1.6
4/13/2025 21:16,14.5,15,0.4,1.6
4/13/2025 21:16,14.55,15,0.4,1.6
4/13/2025 21:16,14.6,15,0.4,1.6
4/13/2025 21:16,14.65,15,0.4,1.7
4/13/2025 21:16,14.7,15,0.4,1.6
4/13/2025 21:16,14.75,15.03,0.4,1.6
4/13/2025 21:16,14.8,15.125,0.4,1.6
4/13/2025 21:16,14.85,15.16,0.4,1.6
4/13/2025 21:16,14.9,15.215,0.4,1.6
4/13/2025 21:16,14.95,15.445,0.5,1.7
4/13/2025 21:16,15,15.475,0.4,1.7
4/13/2025 21:16,15.05,15.49,0.5,1.7
4/13/2025 21:16,15.1,15.72,0.4,1.7
4/13/2025 21:16,15.15,15.855,0.5,1.7
4/13/2025 21:16,15.2,15.885,0.4,1.6
4/13/2025 21:16,15.25,16.16,0.4,1.7
4/13/2025 21:16,15.3,16.2,0.4,1.6
4/13/2025 21:16,15.35,16.2,0.4,1.6
4/13/2025 21:16,15.4,16.205,0.4,1.6
4/13/2025 21:16,15.45,16.31,0.4,1.7
4/13/2025 21:16,15.5,16.375,0.4,1.6
4/13/2025 21:16,15.55,16.4,0.4,1.6
4/13/2025 21:16,15.6,16.62,0.4,1.6
4/13/2025 21:16,15.65,16.63,0.4,1.6
4/13/2025 21:16,15.7,16.65,0.4,1.6
4/13/2025 21:16,15.75,16.76,0.4,1.6
4/13/2025 21:16,15.8,16.92,0.4,1.6
4/13/2025 21:16,15.85,17.135,0.4,1.6
4/13/2025 21:16,15.9,17.225,0.5,1.7
4/13/2025 21:16,15.95,17.26,0.5,1.7
4/13/2025 21:16,16,17.385,0.5,1.7
4/13/2025 21:16,16.05,17.55,0.5,1.7
4/13/2025 21:16,16.1,17.745,0.5,1.7
4/13/2025 21:16,16.15,17.805,0.5,1.7
4/13/2025 21:16,16.2,17.805,0.5,1.7
4/13/2025 21:16,16.25,17.805,0.5,1.7
4/13/2025 21:16,16.3,17.88,0.5,1.7
4/13/2025 21:16,16.35,17.97,0.6,1.7
4/13/2025 21:16,16.4,18.13,0.6,1.8
4/13/2025 21:16,16.45,18.305,0.6,1.8
4/13/2025 21:16,16.5,18.445,0.7,1.8
4/13/2025 21:16,16.55,18.5,0.7,1.8
4/13/2025 21:16,16.6,18.595,0.7,1.8
4/13/2025 21:16,16.65,18.78,0.7,1.8
4/13/2025 21:16,16.7,18.85,0.7,1.9
4/13/2025 21:16,16.75,18.875,0.7,1.9
4/13/2025 21:16,16.8,18.92,0.7,1.9
4/13/2025 21:16,16.85,19.04,0.7,1.9
4/13/2025 21:16,16.9,19.18,0.7,1.9
4/13/2025 21:16,16.95,19.305,0.7,1.9
4/13/2025 21:16,17,19.35,0.7,1.9
4/13/2025 21:16,17.05,19.57,0.7,1.9
4/13/2025 21:16,17.1,19.765,0.7,1.8
4/13/2025 21:16,17.15,19.805,0.7,1.8
4/13/2025 21:16,17.2,20.03,0.7,1.8
4/13/2025 21:16,17.25,20.345,0.6,1.8
4/13/2025 21:16,17.3,20.53,0.5,1.7
4/13/2025 21:16,17.35,20.67,0.5,1.7
4/13/2025 21:16,17.4,20.845,0.5,1.7
4/13/2025 21:16,17.45,20.885,0.5,1.7
4/13/2025 21:16,17.5,20.91,0.5,1.7
4/13/2025 21:16,17.55,20.97,0.5,1.7
4/13/2025 21:16,17.6,21.06,0.5,1.7
4/13/2025 21:16,17.65,21.065,0.4,1.6
4/13/2025 21:16,17.7,21.065,0.4,1.7
4/13/2025 21:16,17.75,21.07,0.5,1.7
4/13/2025 21:16,17.8,21.145,0.4,1.6
4/13/2025 21:16,17.85,21.225,0.4,1.6
4/13/2025 21:16,17.9,21.34,0.4,1.6
4/13/2025 21:16,17.95,21.475,0.4,1.6
4/13/2025 21:16,18,21.655,0.5,1.7
4/13/2025 21:16,18.05,21.805,0.5,1.7
4/13/2025 21:16,18.1,21.955,0.5,1.7
4/13/2025 21:16,18.15,22.07,0.5,1.7
4/13/2025 21:16,18.2,22.25,0.5,1.7
4/13/2025 21:16,18.25,22.4,0.5,1.7
4/13/2025 21:16,18.3,22.625,0.6,1.8
4/13/2025 21:16,18.35,22.805,0.6,1.8
4/13/2025 21:16,18.4,22.955,0.7,1.8
4/13/2025 21:16,18.45,23.315,0.7,1.8
4/13/2025 21:16,18.5,23.385,0.7,1.8
4/13/2025 21:16,18.55,23.425,0.7,1.8
4/13/2025 21:16,18.6,23.625,0.7,1.8
4/13/2025 21:16,18.65,23.75,0.7,1.8
4/13/2025 21:16,18.7,23.845,0.6,1.8
4/13/2025 21:16,18.75,23.875,0.6,1.8
4/13/2025 21:16,18.8,24,0.6,1.8
4/13/2025 21:16,18.85,24.35,0.6,1.8
4/13/2025 21:16,18.9,24.57,0.5,1.7
4/13/2025 21:16,18.95,24.595,0.5,1.7
4/13/2025 21:16,19,24.63,0.5,1.7
4/13/2025 21:16,19.05,24.82,0.5,1.7
4/13/2025 21:16,19.1,24.92,0.5,1.7
4/13/2025 21:16,19.15,24.98,0.5,1.7
4/13/2025 21:16,19.2,25.065,0.5,1.7
4/13/2025 21:16,19.25,25.105,0.5,1.7
4/13/2025 21:16,19.3,25.17,0.5,1.7
4/13/2025 21:16,19.35,25.4,0.4,1.7
4/13/2025 21:16,19.4,25.465,0.5,1.7
4/13/2025 21:16,19.45,25.605,0.4,1.7
4/13/2025 21:16,19.5,25.8,0.4,1.6
4/13/2025 21:16,19.55,25.83,0.4,1.6
4/13/2025 21:16,19.6,25.97,0.4,1.6
4/13/2025 21:16,19.65,26.02,0.4,1.6
4/13/2025 21:16,19.7,26.025,0.4,1.6
4/13/2025 21:16,19.75,26.105,0.4,1.6
4/13/2025 21:16,19.8,26.19,0.4,1.6
4/13/2025 21:16,19.85,26.22,0.4,1.6
4/13/2025 21:16,19.9,26.33,0.4,1.6
4/13/2025 21:16,19.95,26.44,0.4,1.6
4/13/2025 21:16,20,26.535,0.4,1.6
4/13/2025 21:16,20.05,26.685,0.4,1.6
4/13/2025 21:16,20.1,26.72,0.4,1.6
4/13/2025 21:16,20.15,26.725,0.4,1.6
4/13/2025 21:16,20.2,26.82,0.4,1.6
4/13/2025 21:16,20.25,27.01,0.4,1.7
4/13/2025 21:16,20.3,27.195,0.5,1.7
4/13/2025 21:16,20.35,27.295,0.4,1.6
4/13/2025 21:16,20.4,27.335,0.4,1.6
4/13/2025 21:16,20.45,27.43,0.5,1.7
4/13/2025 21:16,20.5,27.56,0.4,1.6
4/13/2025 21:16,20.55,27.71,0.4,1.6
4/13/2025 21:16,20.6,27.79,0.4,1.6
4/13/2025 21:16,20.65,27.83,0.4,1.6
4/13/2025 21:16,20.7,27.92,0.4,1.6
4/13/2025 21:16,20.75,28.02,0.4,1.6
4/13/2025 21:16,20.8,28.095,0.5,1.7
4/13/2025 21:16,20.85,28.195,0.4,1.6
4/13/2025 21:16,20.9,28.225,0.4,1.6
4/13/2025 21:16,20.95,28.225,0.4,1.6
4/13/2025 21:16,21,28.225,0.4,1.6
4/13/2025 21:16,21.05,28.23,0.4,1.6
4/13/2025 21:16,21.1,28.26,0.4,1.7
4/13/2025 21:16,21.15,28.475,0.4,1.6
4/13/2025 21:16,21.2,28.63,0.4,1.6
4/13/2025 21:16,21.25,28.795,0.4,1.6
4/13/2025 21:16,21.3,28.87,0.4,1.6
4/13/2025 21:16,21.35,28.995,0.4,1.6
4/13/2025 21:16,21.4,29.185,0.4,1.6
4/13/2025 21:16,21.45,29.205,0.4,1.6
4/13/2025 21:16,21.5,29.23,0.4,1.6
4/13/2025 21:16,21.55,29.24,0.4,1.6
4/13/2025 21:16,21.6,29.28,0.4,1.6
4/13/2025 21:16,21.65,29.365,0.4,1.6
4/13/2025 21:16,21.7,29.525,0.4,1.6
4/13/2025 21:16,21.75,29.735,0.4,1.6
4/13/2025 21:16,21.8,29.875,0.4,1.6
4/13/2025 21:16,21.85,29.94,0.4,1.6
4/13/2025 21:16,21.9,30.01,0.4,1.6
4/13/2025 21:16,21.95,30.07,0.4,1.7
4/13/2025 21:16,22,30.13,0.4,1.6
4/13/2025 21:16,22.05,30.185,0.4,1.6
4/13/2025 21:16,22.1,30.28,0.4,1.6
4/13/2025 21:16,22.15,30.32,0.4,1.6
4/13/2025 21:16,22.2,30.36,0.4,1.6
4/13/2025 21:16,22.25,30.46,0.5,1.7
4/13/2025 21:16,22.3,30.545,0.4,1.6
4/13/2025 21:16,22.35,30.6,0.4,1.6
4/13/2025 21:16,22.4,30.74,0.4,1.6
4/13/2025 21:16,22.45,30.86,0.4,1.6
4/13/2025 21:16,22.5,31.01,0.4,1.6
4/13/2025 21:16,22.55,31.145,0.4,1.6
4/13/2025 21:16,22.6,31.26,0.4,1.6
4/13/2025 21:16,22.65,31.43,0.4,1.6
4/13/2025 21:16,22.7,31.49,0.4,1.6
4/13/2025 21:16,22.75,31.59,0.4,1.6
4/13/2025 21:16,22.8,31.795,0.4,1.7
4/13/2025 21:16,22.85,31.885,0.5,1.7
4/13/2025 21:16,22.9,31.99,0.5,1.7
4/13/2025 21:16,22.95,32.085,0.5,1.7
4/13/2025 21:16,23,32.13,0.5,1.7
4/13/2025 21:16,23.05,32.21,0.5,1.7
4/13/2025 21:16,23.1,32.31,0.5,1.7
4/13/2025 21:16,23.15,32.455,0.5,1.7
4/13/2025 21:16,23.2,32.57,0.5,1.7
4/13/2025 21:16,23.25,32.745,0.5,1.7
4/13/2025 21:16,23.3,33.03,0.5,1.7
4/13/2025 21:16,23.35,33.385,0.5,1.7
4/13/2025 21:16,23.4,33.68,0.5,1.7
4/13/2025 21:16,23.45,33.735,0.5,1.7
4/13/2025 21:16,23.5,33.74,0.5,1.7
4/13/2025 21:16,23.55,33.74,0.5,1.7
4/13/2025 21:16,23.6,33.805,0.5,1.7
4/13/2025 21:16,23.65,34.1,0.5,1.7
4/13/2025 21:16,23.7,34.495,0.5,1.7
4/13/2025 21:16,23.75,34.515,0.5,1.7
4/13/2025 21:16,23.8,34.515,0.5,1.7
4/13/2025 21:16,23.85,34.52,0.5,1.7
4/13/2025 21:16,23.9,34.52,0.5,1.7
4/13/2025 21:16,23.95,34.695,0.5,1.7
4/13/2025 21:16,24,34.91,0.4,1.6
4/13/2025 21:16,24.05,34.91,0.4,1.6
4/13/2025 21:16,24.1,34.91,0.4,1.6
4/13/2025 21:16,24.15,34.915,0.4,1.7
4/13/2025 21:16,24.2,35.03,0.4,1.7
4/13/2025 21:16,24.25,35.145,0.4,1.6
4/13/2025 21:16,24.3,35.235,0.4,1.6
4/13/2025 21:16,24.35,35.49,0.4,1.6
4/13/2025 21:16,24.4,35.585,0.4,1.6
4/13/2025 21:16,24.45,35.665,0.4,1.6
4/13/2025 21:16,24.5,35.765,0.4,1.6
4/13/2025 21:16,24.55,35.85,0.4,1.7
4/13/2025 21:16,24.6,35.99,0.4,1.6
4/13/2025 21:16,24.65,36.05,0.5,1.7
4/13/2025 21:16,24.7,36.08,0.5,1.7
4/13/2025 21:16,24.75,36.2,0.5,1.7
4/13/2025 21:16,24.8,36.23,0.5,1.7
4/13/2025 21:16,24.85,36.345,0.5,1.7
4/13/2025 21:16,24.9,36.45,0.5,1.7
4/13/2025 21:16,24.95,36.49,0.5,1.7
4/13/2025 21:16,25,36.61,0.5,1.7
4/13/2025 21:16,25.05,36.745,0.5,1.7
4/13/2025 21:16,25.1,36.785,0.5,1.7
4/13/2025 21:16,25.15,36.935,0.5,1.7
4/13/2025 21:16,25.2,37.085,0.5,1.7
4/13/2025 21:16,25.25,37.24,0.5,1.7
4/13/2025 21:16,25.3,37.38,0.5,1.7
4/13/2025 21:16,25.35,37.555,0.5,1.7
4/13/2025 21:16,25.4,37.62,0.5,1.7
4/13/2025 21:16,25.45,37.705,0.5,1.7
4/13/2025 21:16,25.5,37.83,0.5,1.7
4/13/2025 21:16,25.55,37.895,0.5,1.7
4/13/2025 21:16,25.6,37.99,0.5,1.7
4/13/2025 21:16,25.65,38.145,0.5,1.7
4/13/2025 21:16,25.7,38.3,0.5,1.7
4/13/2025 21:16,25.75,38.35,0.5,1.7
4/13/2025 21:16,25.8,38.49,0.5,1.7
4/13/2025 21:16,25.85,38.605,0.5,1.7
4/13/2025 21:16,25.9,38.74,0.5,1.7
4/13/2025 21:16,25.95,38.895,0.5,1.7
4/13/2025 21:17,26,38.955,0.5,1.7
4/13/2025 21:17,26.05,39.035,0.5,1.7
4/13/2025 21:17,26.1,39.305,0.5,1.7
4/13/2025 21:17,26.15,39.545,0.4,1.6
4/13/2025 21:17,26.2,39.71,0.4,1.6
4/13/2025 21:17,26.25,39.88,0.4,1.6
4/13/2025 21:17,26.3,39.995,0.4,1.6
4/13/2025 21:17,26.35,40.035,0.4,1.6
4/13/2025 21:17,26.4,40.14,0.4,1.6
4/13/2025 21:17,26.45,40.225,0.4,1.6
4/13/2025 21:17,26.5,40.36,0.4,1.6
4/13/2025 21:17,26.55,40.455,0.4,1.6
4/13/2025 21:17,26.6,40.57,0.4,1.6
4/13/2025 21:17,26.65,40.725,0.4,1.6
4/13/2025 21:17,26.7,40.895,0.4,1.6
4/13/2025 21:17,26.75,41.145,0.4,1.6
4/13/2025 21:17,26.8,41.28,0.4,1.7
4/13/2025 21:17,26.85,41.48,0.4,1.6
4/13/2025 21:17,26.9,41.615,0.4,1.6
4/13/2025 21:17,26.95,41.725,0.4,1.7
4/13/2025 21:17,27,41.87,0.4,1.6
4/13/2025 21:17,27.05,42.06,0.4,1.6
4/13/2025 21:17,27.1,42.23,0.4,1.6
4/13/2025 21:17,27.15,42.325,0.4,1.6
4/13/2025 21:17,27.2,42.325,0.4,1.6
4/13/2025 21:17,27.25,42.365,0.5,1.7
4/13/2025 21:17,27.3,42.37,0.4,1.6
4/13/2025 21:17,27.35,42.37,0.4,1.6
4/13/2025 21:17,27.4,42.405,0.4,1.6
4/13/2025 21:17,27.45,42.42,0.4,1.6
4/13/2025 21:17,27.5,42.48,0.4,1.6
4/13/2025 21:17,27.55,42.6,0.4,1.6
4/13/2025 21:17,27.6,42.765,0.4,1.6
4/13/2025 21:17,27.65,42.815,0.4,1.6
4/13/2025 21:17,27.7,42.865,0.4,1.6
4/13/2025 21:17,27.75,42.915,0.4,1.6
4/13/2025 21:17,27.8,42.995,0.4,1.6
4/13/2025 21:17,27.85,43.1,0.4,1.6
4/13/2025 21:17,27.9,43.315,0.4,1.6
4/13/2025 21:17,27.95,43.485,0.4,1.6
4/13/2025 21:17,28,43.5,0.4,1.6
4/13/2025 21:17,28.05,43.5,0.4,1.6
4/13/2025 21:17,28.1,43.505,0.4,1.6
4/13/2025 21:17,28.15,43.585,0.4,1.6
4/13/2025 21:17,28.2,43.775,0.4,1.6
4/13/2025 21:17,28.25,43.945,0.4,1.6
4/13/2025 21:17,28.3,44.055,0.4,1.6
4/13/2025 21:17,28.35,44.225,0.4,1.6
4/13/2025 21:17,28.4,44.595,0.4,1.6
4/13/2025 21:17,28.45,44.665,0.4,1.6
4/13/2025 21:17,28.5,44.685,0.4,1.6
4/13/2025 21:17,28.55,44.89,0.4,1.6
4/13/2025 21:17,28.6,45.07,0.4,1.6
4/13/2025 21:17,28.65,45.145,0.4,1.6
4/13/2025 21:17,28.7,45.25,0.4,1.6
4/13/2025 21:17,28.75,45.41,0.4,1.6
4/13/2025 21:17,28.8,45.425,0.4,1.6
4/13/2025 21:17,28.85,45.48,0.4,1.6
4/13/2025 21:17,28.9,45.495,0.4,1.6
4/13/2025 21:17,28.95,45.63,0.4,1.6
4/13/2025 21:17,29,45.705,0.4,1.6
4/13/2025 21:17,29.05,45.705,0.4,1.6
4/13/2025 21:17,29.1,45.705,0.4,1.6
4/13/2025 21:17,29.15,45.705,0.5,1.7
4/13/2025 21:17,29.2,45.71,0.4,1.6
4/13/2025 21:17,29.25,45.765,0.4,1.6
4/13/2025 21:17,29.3,45.825,0.4,1.6
4/13/2025 21:17,29.35,45.86,0.4,1.6
4/13/2025 21:17,29.4,45.905,0.4,1.6
4/13/2025 21:17,29.45,46.04,0.4,1.6
4/13/2025 21:17,29.5,46.04,0.4,1.6
4/13/2025 21:17,29.55,46.045,0.4,1.6
4/13/2025 21:17,29.6,46.075,0.5,1.7
4/13/2025 21:17,29.65,46.175,0.4,1.6
4/13/2025 21:17,29.7,46.24,0.4,1.6
4/13/2025 21:17,29.75,46.345,0.5,1.7
4/13/2025 21:17,29.8,46.425,0.4,1.7
4/13/2025 21:17,29.85,46.46,0.4,1.7
4/13/2025 21:17,29.9,46.48,0.5,1.7
4/13/2025 21:17,29.95,46.56,0.5,1.7
4/13/2025 21:17,30,46.685,0.5,1.7
4/13/2025 21:17,30.05,46.86,0.5,1.7
4/13/2025 21:17,30.1,47.015,0.5,1.7
4/13/2025 21:17,30.15,47.16,0.5,1.7
4/13/2025 21:17,30.2,47.22,0.5,1.7
4/13/2025 21:17,30.25,47.305,0.5,1.7
4/13/2025 21:17,30.3,47.395,0.5,1.7
4/13/2025 21:17,30.35,47.485,0.5,1.7
4/13/2025 21:17,30.4,47.555,0.5,1.7
4/13/2025 21:17,30.45,47.625,0.5,1.7
4/13/2025 21:17,30.5,47.74,0.5,1.7
4/13/2025 21:17,30.55,47.82,0.5,1.7
4/13/2025 21:17,30.6,47.845,0.5,1.7
4/13/2025 21:17,30.65,47.94,0.5,1.7
4/13/2025 21:17,30.7,48.08,0.5,1.7
4/13/2025 21:17,30.75,48.255,0.4,1.7
4/13/2025 21:17,30.8,48.54,0.4,1.6
4/13/2025 21:17,30.85,48.83,0.4,1.6
4/13/2025 21:17,30.9,48.9,0.4,1.6
4/13/2025 21:17,30.95,48.92,0.4,1.6
4/13/2025 21:17,31,49.075,0.4,1.6
4/13/2025 21:17,31.05,49.105,0.4,1.6
4/13/2025 21:17,31.1,49.18,0.4,1.6
4/13/2025 21:17,31.15,49.375,0.4,1.6
4/13/2025 21:17,31.2,49.505,0.4,1.6
4/13/2025 21:17,31.25,49.66,0.4,1.6
4/13/2025 21:17,31.3,49.85,0.4,1.6
4/13/2025 21:17,31.35,49.965,0.4,1.6
4/13/2025 21:17,31.4,50.09,0.4,1.6
4/13/2025 21:17,31.45,50.175,0.4,1.6
4/13/2025 21:17,31.5,50.28,0.4,1.6
4/13/2025 21:17,31.55,50.425,0.5,1.7
4/13/2025 21:17,31.6,50.475,0.4,1.7
4/13/2025 21:17,31.65,50.485,0.4,1.7
4/13/2025 21:17,31.7,50.5,0.5,1.7
4/13/2025 21:17,31.75,50.555,0.4,1.7
4/13/2025 21:17,31.8,50.585,0.5,1.7
4/13/2025 21:17,31.85,50.65,0.5,1.7
4/13/2025 21:17,31.9,50.785,0.5,1.7
4/13/2025 21:17,31.95,50.915,0.5,1.7
4/13/2025 21:17,32,51.085,0.5,1.7
4/13/2025 21:17,32.05,51.21,0.5,1.7
4/13/2025 21:17,32.1,51.355,0.5,1.7
4/13/2025 21:17,32.15,51.49,0.5,1.7
4/13/2025 21:17,32.2,51.6,0.5,1.7
4/13/2025 21:17,32.25,51.765,0.5,1.7
4/13/2025 21:17,32.3,51.83,0.5,1.7
4/13/2025 21:17,32.35,51.925,0.5,1.7
4/13/2025 21:17,32.4,51.95,0.5,1.7
4/13/2025 21:17,32.45,51.95,0.5,1.7
4/13/2025 21:17,32.5,51.95,0.5,1.7
4/13/2025 21:17,32.55,51.95,0.5,1.7
4/13/2025 21:17,32.6,51.95,0.5,1.7
4/13/2025 21:17,32.65,51.95,0.5,1.7
4/13/2025 21:17,32.7,51.95,0.5,1.7
4/13/2025 21:17,32.75,51.95,0.5,1.7
4/13/2025 21:17,32.8,51.955,0.5,1.7
4/13/2025 21:17,32.85,52.005,0.5,1.7
4/13/2025 21:17,32.9,52.065,0.5,1.7
4/13/2025 21:17,32.95,52.08,0.5,1.7
4/13/2025 21:17,33,52.14,0.5,1.7
4/13/2025 21:17,33.05,52.15,0.5,1.7
4/13/2025 21:17,33.1,52.155,0.5,1.7
4/13/2025 21:17,33.15,52.175,0.5,1.7
4/13/2025 21:17,33.2,52.22,0.5,1.7
4/13/2025 21:17,33.25,52.375,0.5,1.7
4/13/2025 21:17,33.3,52.475,0.5,1.7
4/13/2025 21:17,33.35,52.485,0.5,1.7
4/13/2025 21:17,33.4,52.5,0.5,1.7
4/13/2025 21:17,33.45,52.535,0.5,1.7
4/13/2025 21:17,33.5,52.63,0.5,1.7
4/13/2025 21:17,33.55,52.715,0.4,1.7
4/13/2025 21:17,33.6,52.745,0.4,1.7
4/13/2025 21:17,33.65,52.87,0.4,1.6
4/13/2025 21:17,33.7,53.02,0.4,1.6
4/13/2025 21:17,33.75,53.03,0.4,1.6
4/13/2025 21:17,33.8,53.14,0.4,1.7
4/13/2025 21:17,33.85,53.315,0.4,1.6
4/13/2025 21:17,33.9,53.675,0.4,1.6
4/13/2025 21:17,33.95,54.245,0.4,1.6
4/13/2025 21:17,34,54.375,0.4,1.6
4/13/2025 21:17,34.05,54.375,0.4,1.6
4/13/2025 21:17,34.1,54.375,0.4,1.6
4/13/2025 21:17,34.15,54.375,0.4,1.6
4/13/2025 21:17,34.2,54.505,0.4,1.6
4/13/2025 21:17,34.25,54.755,0.4,1.6
4/13/2025 21:17,34.3,54.76,0.4,1.6
4/13/2025 21:17,34.35,54.82,0.4,1.6
4/13/2025 21:17,34.4,55,0.4,1.6
4/13/2025 21:17,34.45,55.01,0.4,1.6
4/13/2025 21:17,34.5,55.21,0.4,1.6
4/13/2025 21:17,34.55,55.38,0.4,1.6
4/13/2025 21:17,34.6,55.535,0.4,1.6
4/13/2025 21:17,34.65,55.71,0.4,1.6
4/13/2025 21:17,34.7,55.9,0.4,1.6
4/13/2025 21:17,34.75,56.05,0.4,1.6
4/13/2025 21:17,34.8,56.125,0.4,1.6
4/13/2025 21:17,34.85,56.215,0.4,1.6
4/13/2025 21:17,34.9,56.42,0.4,1.6
4/13/2025 21:17,34.95,56.485,0.4,1.6
4/13/2025 21:17,35,56.59,0.4,1.6
4/13/2025 21:17,35.05,56.855,0.4,1.6
4/13/2025 21:17,35.1,57.105,0.4,1.6
4/13/2025 21:17,35.15,57.365,0.4,1.6
4/13/2025 21:17,35.2,57.595,0.4,1.6
4/13/2025 21:17,35.25,57.84,0.4,1.6
4/13/2025 21:17,35.3,57.955,0.4,1.6
4/13/2025 21:17,35.35,58.06,0.4,1.6
4/13/2025 21:17,35.4,58.315,0.4,1.6
4/13/2025 21:17,35.45,58.375,0.4,1.6
4/13/2025 21:17,35.5,58.4,0.4,1.6
4/13/2025 21:17,35.55,58.55,0.4,1.6
4/13/2025 21:17,35.6,58.575,0.4,1.6
4/13/2025 21:17,35.65,58.6,0.4,1.6
4/13/2025 21:17,35.7,58.68,0.4,1.6
4/13/2025 21:17,35.75,58.705,0.4,1.6
4/13/2025 21:17,35.8,58.92,0.4,1.6
4/13/2025 21:17,35.85,58.945,0.4,1.6
4/13/2025 21:17,35.9,58.945,0.4,1.6
4/13/2025 21:17,35.95,58.975,0.4,1.6
4/13/2025 21:17,36,59.065,0.4,1.6
4/13/2025 21:17,36.05,59.08,0.4,1.6
4/13/2025 21:17,36.1,59.115,0.4,1.6
4/13/2025 21:17,36.15,59.25,0.4,1.6
4/13/2025 21:17,36.2,59.255,0.4,1.6
4/13/2025 21:17,36.25,59.265,0.4,1.6
4/13/2025 21:17,36.3,59.565,0.4,1.6
4/13/2025 21:17,36.35,59.675,0.4,1.6
4/13/2025 21:17,36.4,59.695,0.4,1.6
4/13/2025 21:17,36.45,59.835,0.4,1.6
4/13/2025 21:17,36.5,59.945,0.4,1.6
4/13/2025 21:17,36.55,60.045,0.4,1.6
4/13/2025 21:17,36.6,60.09,0.4,1.6
4/13/2025 21:17,36.65,60.14,0.4,1.6
4/13/2025 21:17,36.7,60.2,0.4,1.6
4/13/2025 21:17,36.75,60.32,0.4,1.6
4/13/2025 21:17,36.8,60.445,0.4,1.6
4/13/2025 21:17,36.85,60.74,0.4,1.6
4/13/2025 21:17,36.9,60.805,0.4,1.6
4/13/2025 21:17,36.95,60.825,0.4,1.6
4/13/2025 21:17,37,60.865,0.4,1.6
4/13/2025 21:17,37.05,60.985,0.4,1.6
4/13/2025 21:17,37.1,61.16,0.4,1.7
4/13/2025 21:17,37.15,61.36,0.4,1.6
4/13/2025 21:17,37.2,61.525,0.4,1.6
4/13/2025 21:17,37.25,61.605,0.5,1.7
4/13/2025 21:17,37.3,61.74,0.4,1.6
4/13/2025 21:17,37.35,61.77,0.4,1.7
4/13/2025 21:17,37.4,61.77,0.4,1.7
4/13/2025 21:17,37.45,61.77,0.4,1.6
4/13/2025 21:17,37.5,61.77,0.4,1.6
4/13/2025 21:17,37.55,61.77,0.4,1.6
4/13/2025 21:17,37.6,61.77,0.4,1.6
4/13/2025 21:17,37.65,61.77,0.4,1.7
4/13/2025 21:17,37.7,61.77,0.5,1.7
4/13/2025 21:17,37.75,61.77,0.4,1.6
4/13/2025 21:17,37.8,61.85,0.4,1.7
4/13/2025 21:17,37.85,61.945,0.4,1.6
4/13/2025 21:17,37.9,61.97,0.4,1.6
4/13/2025 21:17,37.95,62.055,0.4,1.6
4/13/2025 21:17,38,62.15,0.4,1.6
4/13/2025 21:17,38.05,62.19,0.4,1.6
4/13/2025 21:17,38.1,62.255,0.4,1.6
4/13/2025 21:17,38.15,62.33,0.4,1.6
4/13/2025 21:17,38.2,62.35,0.4,1.6
4/13/2025 21:17,38.25,62.38,0.4,1.6
4/13/2025 21:17,38.3,62.465,0.4,1.6
4/13/2025 21:17,38.35,62.7,0.4,1.6
4/13/2025 21:17,38.4,63.11,0.4,1.6
4/13/2025 21:17,38.45,63.255,0.4,1.6
4/13/2025 21:17,38.5,63.255,0.4,1.6
4/13/2025 21:17,38.55,63.255,0.4,1.6
4/13/2025 21:17,38.6,63.255,0.4,1.6
4/13/2025 21:17,38.65,63.255,0.4,1.6
4/13/2025 21:17,38.7,63.385,0.5,1.7
4/13/2025 21:17,38.75,63.64,0.4,1.6
4/13/2025 21:17,38.8,63.855,0.4,1.6
4/13/2025 21:17,38.85,63.965,0.4,1.6
4/13/2025 21:17,38.9,64.15,0.4,1.6
4/13/2025 21:17,38.95,64.425,0.4,1.6
4/13/2025 21:17,39,64.485,0.4,1.6
4/13/2025 21:17,39.05,64.58,0.4,1.6
4/13/2025 21:17,39.1,64.825,0.4,1.6
4/13/2025 21:17,39.15,64.955,0.4,1.7
4/13/2025 21:17,39.2,65.155,0.5,1.7
4/13/2025 21:17,39.25,65.375,0.5,1.7
4/13/2025 21:17,39.3,65.65,0.4,1.7
4/13/2025 21:17,39.35,65.765,0.5,1.7
4/13/2025 21:17,39.4,65.945,0.5,1.7
4/13/2025 21:17,39.45,66.26,0.5,1.7
4/13/2025 21:17,39.5,66.345,0.5,1.7
4/13/2025 21:17,39.55,66.68,0.4,1.7
4/13/2025 21:17,39.6,66.77,0.4,1.6
4/13/2025 21:17,39.65,66.77,0.5,1.7
4/13/2025 21:17,39.7,66.81,0.4,1.6
4/13/2025 21:17,39.75,66.815,0.4,1.6
4/13/2025 21:17,39.8,66.88,0.5,1.7
4/13/2025 21:17,39.85,67.02,0.4,1.6
4/13/2025 21:17,39.9,67.025,0.4,1.6
4/13/2025 21:17,39.95,67.2,0.4,1.6
4/13/2025 21:17,40,67.365,0.4,1.6
4/13/2025 21:17,40.05,67.465,0.4,1.6
4/13/2025 21:17,40.1,67.595,0.4,1.6
4/13/2025 21:17,40.15,67.67,0.4,1.6
4/13/2025 21:17,40.2,67.715,0.4,1.6
4/13/2025 21:17,40.25,67.785,0.4,1.6
4/13/2025 21:17,40.3,67.86,0.4,1.6
4/13/2025 21:17,40.35,67.91,0.4,1.6
4/13/2025 21:17,40.4,67.915,0.4,1.6
4/13/2025 21:17,40.45,67.915,0.4,1.6
4/13/2025 21:17,40.5,67.97,0.4,1.6
4/13/2025 21:17,40.55,68.14,0.4,1.6
4/13/2025 21:17,40.6,68.285,0.4,1.6
4/13/2025 21:17,40.65,68.435,0.4,1.6
4/13/2025 21:17,40.7,68.565,0.4,1.6
4/13/2025 21:17,40.75,68.615,0.4,1.6
4/13/2025 21:17,40.8,68.765,0.4,1.6
4/13/2025 21:17,40.85,68.895,0.4,1.6
4/13/2025 21:17,40.9,68.985,0.4,1.6
4/13/2025 21:17,40.95,69.095,0.4,1.6
4/13/2025 21:17,41,69.21,0.4,1.6
4/13/2025 21:17,41.05,69.54,0.4,1.6
4/13/2025 21:17,41.1,69.755,0.4,1.6
4/13/2025 21:17,41.15,69.97,0.4,1.6
4/13/2025 21:17,41.2,70.095,0.4,1.6
4/13/2025 21:17,41.25,70.17,0.4,1.6
4/13/2025 21:17,41.3,70.25,0.4,1.6
4/13/2025 21:17,41.35,70.3,0.4,1.6
4/13/2025 21:17,41.4,70.32,0.4,1.6
4/13/2025 21:17,41.45,70.345,0.4,1.6
4/13/2025 21:17,41.5,70.455,0.4,1.6
4/13/2025 21:17,41.55,70.525,0.4,1.6
4/13/2025 21:17,41.6,70.665,0.4,1.6
4/13/2025 21:17,41.65,70.775,0.4,1.6
4/13/2025 21:17,41.7,70.8,0.4,1.6
4/13/2025 21:17,41.75,70.985,0.4,1.6
4/13/2025 21:17,41.8,71.12,0.4,1.6
4/13/2025 21:17,41.85,71.355,0.4,1.6
4/13/2025 21:17,41.9,71.42,0.4,1.6
4/13/2025 21:17,41.95,71.435,0.4,1.6
4/13/2025 21:17,42,71.435,0.4,1.6
4/13/2025 21:17,42.05,71.435,0.4,1.6
4/13/2025 21:17,42.1,71.435,0.4,1.6
4/13/2025 21:17,42.15,71.435,0.4,1.6
4/13/2025 21:17,42.2,71.435,0.4,1.6
4/13/2025 21:17,42.25,71.435,0.4,1.6
4/13/2025 21:17,42.3,71.435,0.4,1.6
4/13/2025 21:17,42.35,71.435,0.4,1.6
4/13/2025 21:17,42.4,71.435,0.4,1.6
4/13/2025 21:17,42.45,71.435,0.4,1.6
4/13/2025 21:17,42.5,71.435,0.4,1.6
4/13/2025 21:17,42.55,71.44,0.4,1.6
4/13/2025 21:17,42.6,71.49,0.4,1.6
4/13/2025 21:17,42.65,71.52,0.4,1.6
4/13/2025 21:17,42.7,71.52,0.4,1.6
4/13/2025 21:17,42.75,71.535,0.4,1.6
4/13/2025 21:17,42.8,71.57,0.4,1.6
4/13/2025 21:17,42.85,71.585,0.4,1.6
4/13/2025 21:17,42.9,71.625,0.4,1.6
4/13/2025 21:17,42.95,71.645,0.4,1.6
4/13/2025 21:17,43,71.65,0.4,1.6
4/13/2025 21:17,43.05,71.655,0.4,1.6
4/13/2025 21:17,43.1,71.655,0.4,1.6
4/13/2025 21:17,43.15,71.71,0.4,1.6
4/13/2025 21:17,43.2,71.785,0.4,1.6
4/13/2025 21:17,43.25,71.9,0.4,1.6
4/13/2025 21:17,43.3,71.96,0.4,1.6
4/13/2025 21:17,43.35,71.96,0.4,1.6
4/13/2025 21:17,43.4,71.975,0.4,1.6
4/13/2025 21:17,43.45,72.19,0.4,1.6
4/13/2025 21:17,43.5,72.615,0.4,1.6
4/13/2025 21:17,43.55,73.005,0.4,1.6
4/13/2025 21:17,43.6,73.02,0.4,1.6
4/13/2025 21:17,43.65,73.12,0.4,1.6
4/13/2025 21:17,43.7,73.38,0.4,1.6
4/13/2025 21:17,43.75,73.45,0.4,1.6
4/13/2025 21:17,43.8,73.455,0.4,1.6
4/13/2025 21:17,43.85,73.525,0.4,1.6
4/13/2025 21:17,43.9,73.69,0.4,1.6
4/13/2025 21:17,43.95,74.01,0.4,1.6
4/13/2025 21:17,44,74.365,0.4,1.6
4/13/2025 21:17,44.05,74.585,0.4,1.6
4/13/2025 21:17,44.1,74.93,0.4,1.6
4/13/2025 21:17,44.15,75.31,0.4,1.6
4/13/2025 21:17,44.2,75.735,0.4,1.6
4/13/2025 21:17,44.25,75.96,0.4,1.6
4/13/2025 21:17,44.3,76.295,0.4,1.6
4/13/2025 21:17,44.35,76.405,0.4,1.6
4/13/2025 21:17,44.4,76.445,0.4,1.6
4/13/2025 21:17,44.45,76.525,0.4,1.6
4/13/2025 21:17,44.5,76.56,0.4,1.6
4/13/2025 21:17,44.55,76.595,0.4,1.6
4/13/2025 21:17,44.6,76.595,0.4,1.6
4/13/2025 21:17,44.65,76.625,0.4,1.6
4/13/2025 21:17,44.7,76.75,0.4,1.6
4/13/2025 21:17,44.75,76.95,0.4,1.6
4/13/2025 21:17,44.8,77.03,0.4,1.6
4/13/2025 21:17,44.85,77.16,0.4,1.6
4/13/2025 21:17,44.9,77.325,0.4,1.6
4/13/2025 21:17,44.95,77.4,0.4,1.6
4/13/2025 21:17,45,77.47,0.4,1.6
4/13/2025 21:17,45.05,77.49,0.4,1.6
4/13/2025 21:17,45.1,77.51,0.4,1.6
4/13/2025 21:17,45.15,77.59,0.4,1.6
4/13/2025 21:17,45.2,77.67,0.4,1.6
4/13/2025 21:17,45.25,77.79,0.4,1.6
4/13/2025 21:17,45.3,77.835,0.4,1.6
4/13/2025 21:17,45.35,77.965,0.4,1.6
4/13/2025 21:17,45.4,77.965,0.4,1.6
4/13/2025 21:17,45.45,77.97,0.4,1.6
4/13/2025 21:17,45.5,77.99,0.4,1.6
4/13/2025 21:17,45.55,78.16,0.4,1.6
4/13/2025 21:17,45.6,78.32,0.4,1.6
4/13/2025 21:17,45.65,78.4,0.4,1.6
4/13/2025 21:17,45.7,78.465,0.4,1.6
4/13/2025 21:17,45.75,78.515,0.4,1.6
4/13/2025 21:17,45.8,78.56,0.4,1.6
4/13/2025 21:17,45.85,78.56,0.4,1.6
4/13/2025 21:17,45.9,78.585,0.4,1.6
4/13/2025 21:17,45.95,78.635,0.4,1.6
4/13/2025 21:17,46,78.7,0.4,1.6
4/13/2025 21:17,46.05,78.7,0.4,1.6
4/13/2025 21:17,46.1,78.7,0.4,1.6
4/13/2025 21:17,46.15,78.705,0.4,1.6
4/13/2025 21:17,46.2,78.705,0.4,1.6
4/13/2025 21:17,46.25,78.705,0.4,1.6
4/13/2025 21:17,46.3,78.705,0.4,1.6
4/13/2025 21:17,46.35,78.705,0.4,1.6
4/13/2025 21:17,46.4,78.705,0.4,1.6
4/13/2025 21:17,46.45,78.705,0.4,1.6
4/13/2025 21:17,46.5,78.71,0.4,1.6
4/13/2025 21:17,46.55,78.755,0.4,1.6
4/13/2025 21:17,46.6,78.835,0.4,1.6
4/13/2025 21:17,46.65,78.85,0.4,1.6
4/13/2025 21:17,46.7,79.07,0.4,1.6
4/13/2025 21:17,46.75,79.46,0.5,1.7
4/13/2025 21:17,46.8,79.46,0.4,1.6
4/13/2025 21:17,46.85,79.46,0.4,1.6
4/13/2025 21:17,46.9,79.53,0.4,1.7
4/13/2025 21:17,46.95,79.71,0.4,1.6
4/13/2025 21:17,47,79.805,0.4,1.6
4/13/2025 21:17,47.05,79.92,0.4,1.6
4/13/2025 21:17,47.1,80.03,0.4,1.6
4/13/2025 21:17,47.15,80.125,0.5,1.7
4/13/2025 21:17,47.2,80.195,0.5,1.7
4/13/2025 21:17,47.25,80.245,0.4,1.7
4/13/2025 21:17,47.3,80.28,0.4,1.7
4/13/2025 21:17,47.35,80.355,0.4,1.6
4/13/2025 21:17,47.4,80.37,0.4,1.7
4/13/2025 21:17,47.45,80.37,0.4,1.7
4/13/2025 21:17,47.5,80.37,0.4,1.7
4/13/2025 21:17,47.55,80.405,0.4,1.6
4/13/2025 21:17,47.6,80.505,0.4,1.7
4/13/2025 21:17,47.65,80.61,0.4,1.6
4/13/2025 21:17,47.7,80.825,0.4,1.6
4/13/2025 21:17,47.75,80.895,0.4,1.6
4/13/2025 21:17,47.8,81.07,0.4,1.6
4/13/2025 21:17,47.85,81.21,0.4,1.6
4/13/2025 21:17,47.9,81.305,0.4,1.6
4/13/2025 21:17,47.95,81.305,0.4,1.6
4/13/2025 21:17,48,81.305,0.4,1.6
4/13/2025 21:17,48.05,81.355,0.4,1.6
4/13/2025 21:17,48.1,81.5,0.4,1.6
4/13/2025 21:17,48.15,81.635,0.5,1.7
4/13/2025 21:17,48.2,81.96,0.4,1.6
4/13/2025 21:17,48.25,82.255,0.4,1.6
4/13/2025 21:17,48.3,82.37,0.4,1.6
4/13/2025 21:17,48.35,82.425,0.4,1.6
4/13/2025 21:17,48.4,82.425,0.4,1.6
4/13/2025 21:17,48.45,82.47,0.4,1.6
4/13/2025 21:17,48.5,82.495,0.4,1.6
4/13/2025 21:17,48.55,82.51,0.4,1.6
4/13/2025 21:17,48.6,82.79,0.4,1.6
4/13/2025 21:17,48.65,83.65,0.4,1.6
4/13/2025 21:17,48.7,84.51,0.4,1.6
4/13/2025 21:17,48.75,84.6,0.4,1.6
4/13/2025 21:17,48.8,84.6,0.4,1.6
4/13/2025 21:17,48.85,84.6,0.4,1.6
4/13/2025 21:17,48.9,84.65,0.4,1.6
4/13/2025 21:17,48.95,85.065,0.4,1.6
4/13/2025 21:17,49,85.45,0.4,1.6
4/13/2025 21:17,49.05,85.78,0.4,1.6
4/13/2025 21:17,49.1,86.025,0.4,1.6
4/13/2025 21:17,49.15,86.055,0.4,1.6
4/13/2025 21:17,49.2,86.1,0.4,1.6
4/13/2025 21:17,49.25,86.145,0.4,1.6
4/13/2025 21:17,49.3,86.385,0.4,1.6
4/13/2025 21:17,49.35,86.54,0.4,1.6
4/13/2025 21:17,49.4,86.735,0.4,1.6
4/13/2025 21:17,49.45,86.74,0.4,1.6
4/13/2025 21:17,49.5,86.745,0.4,1.6
4/13/2025 21:17,49.55,86.745,0.4,1.6
4/13/2025 21:17,49.6,86.745,0.4,1.6
4/13/2025 21:17,49.65,86.745,0.4,1.6
4/13/2025 21:17,49.7,86.745,0.4,1.6
4/13/2025 21:17,49.75,86.745,0.4,1.6
4/13/2025 21:17,49.8,86.73,0.4,1.6
4/13/2025 21:17,49.85,86.725,0.4,1.6
4/13/2025 21:17,49.9,86.665,0.4,1.6
4/13/2025 21:17,49.95,86.55,0.4,1.6
4/13/2025 21:17,50,86.255,0.4,1.6
4/13/2025 21:17,50.05,86.09,0.4,1.6
4/13/2025 21:17,50.1,86.09,0.4,1.6
4/13/2025 21:17,50.15,85.885,0.4,1.6
4/13/2025 21:17,50.2,85.655,0.4,1.6
4/13/2025 21:17,50.25,85.505,0.4,1.6
4/13/2025 21:17,50.3,85.405,0.4,1.6
4/13/2025 21:17,50.35,85.37,0.4,1.6
4/13/2025 21:17,50.4,85.36,0.4,1.6
4/13/2025 21:17,50.45,85.29,0.4,1.6
4/13/2025 21:17,50.5,85.245,0.4,1.6
4/13/2025 21:17,50.55,85.18,0.4,1.6
4/13/2025 21:17,50.6,84.97,0.4,1.6
4/13/2025 21:17,50.65,84.89,0.4,1.6
4/13/2025 21:17,50.7,84.775,0.4,1.6
4/13/2025 21:17,50.75,84.5,0.4,1.6
4/13/2025 21:17,50.8,84.325,0.4,1.6
4/13/2025 21:17,50.85,84.16,0.4,1.6
4/13/2025 21:17,50.9,83.89,0.4,1.6
4/13/2025 21:17,50.95,83.645,0.4,1.6
4/13/2025 21:17,51,83.37,0.4,1.6
4/13/2025 21:17,51.05,83.14,0.4,1.6
4/13/2025 21:17,51.1,82.965,0.4,1.6
4/13/2025 21:17,51.15,82.845,0.4,1.6
4/13/2025 21:17,51.2,82.67,0.5,1.7
4/13/2025 21:17,51.25,82.375,0.4,1.6
4/13/2025 21:17,51.3,82.17,0.4,1.6
4/13/2025 21:17,51.35,81.95,0.4,1.6
4/13/2025 21:17,51.4,81.77,0.4,1.6
4/13/2025 21:17,51.45,81.56,0.4,1.6
4/13/2025 21:17,51.5,81.36,0.4,1.6
4/13/2025 21:17,51.55,81.095,0.4,1.6
4/13/2025 21:17,51.6,80.935,0.4,1.6
4/13/2025 21:17,51.65,80.825,0.4,1.6
4/13/2025 21:17,51.7,80.54,0.4,1.6
4/13/2025 21:17,51.75,80.125,0.4,1.6
4/13/2025 21:17,51.8,79.755,0.4,1.7
4/13/2025 21:17,51.85,79.51,0.5,1.7
4/13/2025 21:17,51.9,79.32,0.4,1.7
4/13/2025 21:17,51.95,78.97,0.4,1.6
4/13/2025 21:17,52,78.62,0.4,1.6
4/13/2025 21:17,52.05,78.28,0.4,1.6
4/13/2025 21:17,52.1,77.955,0.4,1.6
4/13/2025 21:17,52.15,77.695,0.4,1.6
4/13/2025 21:17,52.2,77.315,0.4,1.6
4/13/2025 21:17,52.25,77.145,0.4,1.6
4/13/2025 21:17,52.3,76.885,0.4,1.6
4/13/2025 21:17,52.35,76.63,0.4,1.6
4/13/2025 21:17,52.4,76.505,0.4,1.6
4/13/2025 21:17,52.45,76.255,0.4,1.6
4/13/2025 21:17,52.5,75.95,0.4,1.6
4/13/2025 21:17,52.55,75.895,0.4,1.6
4/13/2025 21:17,52.6,75.75,0.4,1.6
4/13/2025 21:17,52.65,75.605,0.4,1.6
4/13/2025 21:17,52.7,75.485,0.4,1.6
4/13/2025 21:17,52.75,75.37,0.4,1.6
4/13/2025 21:17,52.8,75.27,0.4,1.6
4/13/2025 21:17,52.85,75.2,0.4,1.6
4/13/2025 21:17,52.9,75.16,0.4,1.6
4/13/2025 21:17,52.95,75.135,0.4,1.6
4/13/2025 21:17,53,75.085,0.4,1.6
4/13/2025 21:17,53.05,75.07,0.4,1.6
4/13/2025 21:17,53.1,75.07,0.4,1.6
4/13/2025 21:17,53.15,75.005,0.4,1.6
4/13/2025 21:17,53.2,74.825,0.4,1.6
4/13/2025 21:17,53.25,74.74,0.4,1.6
4/13/2025 21:17,53.3,74.645,0.4,1.6
4/13/2025 21:17,53.35,74.51,0.4,1.6
4/13/2025 21:17,53.4,74.36,0.4,1.6
4/13/2025 21:17,53.45,74.185,0.4,1.6
4/13/2025 21:17,53.5,73.985,0.4,1.6
4/13/2025 21:17,53.55,73.875,0.4,1.6
4/13/2025 21:17,53.6,73.79,0.4,1.6
4/13/2025 21:17,53.65,73.61,0.4,1.6
4/13/2025 21:17,53.7,73.505,0.4,1.6
4/13/2025 21:17,53.75,73.505,0.4,1.6
4/13/2025 21:17,53.8,73.485,0.4,1.6
4/13/2025 21:17,53.85,73.41,0.4,1.6
4/13/2025 21:17,53.9,73.38,0.4,1.6
4/13/2025 21:17,53.95,73.38,0.4,1.6
4/13/2025 21:17,54,73.38,0.4,1.6
4/13/2025 21:17,54.05,73.37,0.4,1.6
4/13/2025 21:17,54.1,73.265,0.4,1.6
4/13/2025 21:17,54.15,73.215,0.4,1.6
4/13/2025 21:17,54.2,73.14,0.4,1.6
4/13/2025 21:17,54.25,73.125,0.4,1.6
4/13/2025 21:17,54.3,72.925,0.4,1.6
4/13/2025 21:17,54.35,72.57,0.4,1.6
4/13/2025 21:17,54.4,72.225,0.4,1.6
4/13/2025 21:17,54.45,71.93,0.4,1.6
4/13/2025 21:17,54.5,71.65,0.4,1.6
4/13/2025 21:17,54.55,71.43,0.4,1.6
4/13/2025 21:17,54.6,71.235,0.4,1.6
4/13/2025 21:17,54.65,70.975,0.4,1.6
4/13/2025 21:17,54.7,70.71,0.4,1.6
4/13/2025 21:17,54.75,70.48,0.4,1.6
4/13/2025 21:17,54.8,70.275,0.4,1.6
4/13/2025 21:17,54.85,70.15,0.4,1.6
4/13/2025 21:17,54.9,70.08,0.4,1.6
4/13/2025 21:17,54.95,69.99,0.4,1.6
4/13/2025 21:17,55,69.91,0.4,1.6
4/13/2025 21:17,55.05,69.76,0.4,1.6
4/13/2025 21:17,55.1,69.665,0.4,1.6
4/13/2025 21:17,55.15,69.505,0.4,1.6
4/13/2025 21:17,55.2,69.28,0.4,1.6
4/13/2025 21:17,55.25,69.12,0.4,1.6
4/13/2025 21:17,55.3,69.005,0.4,1.6
4/13/2025 21:17,55.35,68.84,0.4,1.6
4/13/2025 21:17,55.4,68.67,0.4,1.6
4/13/2025 21:17,55.45,68.455,0.4,1.6
4/13/2025 21:17,55.5,68.08,0.4,1.6
4/13/2025 21:17,55.55,67.92,0.4,1.6
4/13/2025 21:17,55.6,67.77,0.4,1.6
4/13/2025 21:17,55.65,67.55,0.4,1.6
4/13/2025 21:17,55.7,67.375,0.4,1.6
4/13/2025 21:17,55.75,67.07,0.4,1.6
4/13/2025 21:17,55.8,66.905,0.4,1.6
4/13/2025 21:17,55.85,66.835,0.4,1.6
4/13/2025 21:17,55.9,66.675,0.5,1.7
4/13/2025 21:17,55.95,66.575,0.4,1.6
4/13/2025 21:17,56,66.425,0.5,1.7
4/13/2025 21:17,56.05,66.275,0.5,1.7
4/13/2025 21:17,56.1,66.255,0.5,1.7
4/13/2025 21:17,56.15,66.125,0.5,1.7
4/13/2025 21:17,56.2,66.025,0.4,1.7
4/13/2025 21:17,56.25,65.995,0.5,1.7
4/13/2025 21:17,56.3,65.985,0.5,1.7
4/13/2025 21:17,56.35,65.985,0.5,1.7
4/13/2025 21:17,56.4,65.95,0.5,1.7
4/13/2025 21:17,56.45,65.92,0.5,1.7
4/13/2025 21:17,56.5,65.92,0.5,1.7
4/13/2025 21:17,56.55,65.92,0.5,1.7
4/13/2025 21:17,56.6,65.82,0.5,1.7
4/13/2025 21:17,56.65,65.72,0.5,1.7
4/13/2025 21:17,56.7,65.685,0.5,1.7
4/13/2025 21:17,56.75,65.65,0.5,1.7
4/13/2025 21:17,56.8,65.46,0.5,1.7
4/13/2025 21:17,56.85,65.36,0.4,1.7
4/13/2025 21:17,56.9,65.26,0.4,1.6
4/13/2025 21:17,56.95,65.085,0.4,1.7
4/13/2025 21:17,57,64.905,0.5,1.7
4/13/2025 21:17,57.05,64.835,0.4,1.6
4/13/2025 21:17,57.1,64.755,0.4,1.6
4/13/2025 21:17,57.15,64.52,0.4,1.6
4/13/2025 21:17,57.2,64.23,0.4,1.6
4/13/2025 21:17,57.25,64.025,0.4,1.6
4/13/2025 21:17,57.3,63.895,0.4,1.6
4/13/2025 21:17,57.35,63.685,0.4,1.6
4/13/2025 21:17,57.4,63.635,0.4,1.6
4/13/2025 21:17,57.45,63.49,0.4,1.6
4/13/2025 21:17,57.5,63.23,0.4,1.6
4/13/2025 21:17,57.55,62.99,0.4,1.6
4/13/2025 21:17,57.6,62.785,0.4,1.6
4/13/2025 21:17,57.65,62.54,0.4,1.6
4/13/2025 21:17,57.7,62.395,0.5,1.7
4/13/2025 21:17,57.75,62.235,0.4,1.7
4/13/2025 21:17,57.8,61.945,0.5,1.7
4/13/2025 21:17,57.85,61.645,0.4,1.7
4/13/2025 21:17,57.9,61.395,0.4,1.7
4/13/2025 21:17,57.95,61.235,0.4,1.6
4/13/2025 21:17,58,61.11,0.4,1.6
4/13/2025 21:17,58.05,60.93,0.4,1.7
4/13/2025 21:17,58.1,60.77,0.4,1.6
4/13/2025 21:17,58.15,60.495,0.4,1.6
4/13/2025 21:17,58.2,60.27,0.4,1.6
4/13/2025 21:17,58.25,60.04,0.4,1.6
4/13/2025 21:17,58.3,59.915,0.4,1.6
4/13/2025 21:17,58.35,59.835,0.4,1.6
4/13/2025 21:17,58.4,59.685,0.4,1.6
4/13/2025 21:17,58.45,59.49,0.4,1.6
4/13/2025 21:17,58.5,59.275,0.4,1.6
4/13/2025 21:17,58.55,59.065,0.4,1.6
4/13/2025 21:17,58.6,58.79,0.4,1.6
4/13/2025 21:17,58.65,58.57,0.4,1.6
4/13/2025 21:17,58.7,58.255,0.4,1.6
4/13/2025 21:17,58.75,57.855,0.4,1.6
4/13/2025 21:17,58.8,57.6,0.4,1.6
4/13/2025 21:17,58.85,57.37,0.4,1.6
4/13/2025 21:17,58.9,57.25,0.4,1.6
4/13/2025 21:17,58.95,57.055,0.4,1.6
4/13/2025 21:17,59,56.85,0.4,1.6
4/13/2025 21:17,59.05,56.67,0.4,1.6
4/13/2025 21:17,59.1,56.445,0.4,1.6
4/13/2025 21:17,59.15,56.21,0.4,1.6
4/13/2025 21:17,59.2,55.97,0.4,1.6
4/13/2025 21:17,59.25,55.785,0.4,1.6
4/13/2025 21:17,59.3,55.665,0.4,1.6
4/13/2025 21:17,59.35,55.55,0.4,1.6
4/13/2025 21:17,59.4,55.445,0.4,1.6
4/13/2025 21:17,59.45,55.315,0.4,1.6
4/13/2025 21:17,59.5,55.17,0.4,1.6
4/13/2025 21:17,59.55,54.995,0.4,1.6
4/13/2025 21:17,59.6,54.82,0.4,1.6
4/13/2025 21:17,59.65,54.69,0.4,1.6
4/13/2025 21:17,59.7,54.565,0.4,1.6
4/13/2025 21:17,59.75,54.405,0.4,1.6
4/13/2025 21:17,59.8,54.32,0.4,1.6
4/13/2025 21:17,59.85,54.16,0.4,1.6
4/13/2025 21:17,59.9,54.11,0.4,1.6
4/13/2025 21:17,59.95,54.11,0.4,1.6
4/13/2025 21:17,60,54.06,0.4,1.6
4/13/2025 21:17,60.05,53.925,0.4,1.6
4/13/2025 21:17,60.1,53.86,0.4,1.6
4/13/2025 21:17,60.15,53.785,0.4,1.6
4/13/2025 21:17,60.2,53.745,0.4,1.6
4/13/2025 21:17,60.25,53.68,0.5,1.7
4/13/2025 21:17,60.3,53.525,0.4,1.6
4/13/2025 21:17,60.35,53.405,0.4,1.6
4/13/2025 21:17,60.4,53.22,0.4,1.6
4/13/2025 21:17,60.45,53.06,0.4,1.6
4/13/2025 21:17,60.5,52.705,0.5,1.7
4/13/2025 21:17,60.55,52.465,0.5,1.7
4/13/2025 21:17,60.6,52.125,0.5,1.7
4/13/2025 21:17,60.65,51.835,0.5,1.7
4/13/2025 21:17,60.7,51.53,0.5,1.7
4/13/2025 21:17,60.75,51.055,0.5,1.7
4/13/2025 21:17,60.8,50.83,0.5,1.7
4/13/2025 21:17,60.85,50.645,0.5,1.7
4/13/2025 21:17,60.9,50.35,0.4,1.6
4/13/2025 21:17,60.95,50.1,0.4,1.6
4/13/2025 21:17,61,49.955,0.4,1.6
4/13/2025 21:17,61.05,49.795,0.4,1.6
4/13/2025 21:17,61.1,49.75,0.4,1.6
4/13/2025 21:17,61.15,49.725,0.4,1.6
4/13/2025 21:17,61.2,49.605,0.4,1.6
4/13/2025 21:17,61.25,49.495,0.4,1.6
4/13/2025 21:17,61.3,49.365,0.4,1.6
4/13/2025 21:17,61.35,49.2,0.4,1.6
4/13/2025 21:17,61.4,49.11,0.4,1.6
4/13/2025 21:17,61.45,48.98,0.4,1.6
4/13/2025 21:17,61.5,48.88,0.4,1.6
4/13/2025 21:17,61.55,48.76,0.4,1.7
4/13/2025 21:17,61.6,48.53,0.4,1.7
4/13/2025 21:17,61.65,48.24,0.4,1.7
4/13/2025 21:17,61.7,47.945,0.5,1.7
4/13/2025 21:17,61.75,47.695,0.5,1.7
4/13/2025 21:17,61.8,47.45,0.5,1.7
4/13/2025 21:17,61.85,47.115,0.5,1.7
4/13/2025 21:17,61.9,47.015,0.5,1.7
4/13/2025 21:17,61.95,46.905,0.5,1.7
4/13/2025 21:17,62,46.745,0.5,1.7
4/13/2025 21:17,62.05,46.52,0.4,1.6
4/13/2025 21:17,62.1,46.435,0.5,1.7
4/13/2025 21:17,62.15,46.415,0.5,1.7
4/13/2025 21:17,62.2,46.395,0.4,1.6
4/13/2025 21:17,62.25,46.395,0.5,1.7
4/13/2025 21:17,62.3,46.395,0.5,1.7
4/13/2025 21:17,62.35,46.395,0.4,1.7
4/13/2025 21:17,62.4,46.395,0.4,1.7
4/13/2025 21:17,62.45,46.395,0.4,1.6
4/13/2025 21:17,62.5,46.39,0.4,1.7
4/13/2025 21:17,62.55,46.385,0.4,1.6
4/13/2025 21:17,62.6,46.315,0.4,1.7
4/13/2025 21:17,62.65,46.14,0.4,1.6
4/13/2025 21:17,62.7,46.12,0.4,1.6
4/13/2025 21:17,62.75,46.105,0.4,1.7
4/13/2025 21:17,62.8,45.93,0.4,1.6
4/13/2025 21:17,62.85,45.715,0.4,1.6
4/13/2025 21:17,62.9,45.545,0.4,1.6
4/13/2025 21:17,62.95,45.46,0.4,1.6
4/13/2025 21:17,63,45.425,0.4,1.6
4/13/2025 21:17,63.05,45.42,0.4,1.6
4/13/2025 21:17,63.1,45.27,0.4,1.6
4/13/2025 21:17,63.15,45.17,0.4,1.6
4/13/2025 21:17,63.2,45.17,0.4,1.6
4/13/2025 21:17,63.25,45.105,0.4,1.6
4/13/2025 21:17,63.3,44.92,0.4,1.6
4/13/2025 21:17,63.35,44.63,0.4,1.6
4/13/2025 21:17,63.4,44.375,0.4,1.6
4/13/2025 21:17,63.45,43.845,0.4,1.6
4/13/2025 21:17,63.5,43.35,0.4,1.6
4/13/2025 21:17,63.55,42.845,0.4,1.6
4/13/2025 21:17,63.6,42.295,0.4,1.6
4/13/2025 21:17,63.65,41.95,0.4,1.6
4/13/2025 21:17,63.7,41.63,0.4,1.6
4/13/2025 21:17,63.75,41.23,0.4,1.7
4/13/2025 21:17,63.8,40.78,0.4,1.6
4/13/2025 21:17,63.85,40.325,0.4,1.6
4/13/2025 21:17,63.9,39.97,0.4,1.6
4/13/2025 21:17,63.95,39.775,0.4,1.6
4/13/2025 21:17,64,39.69,0.4,1.6
4/13/2025 21:17,64.05,39.565,0.4,1.6
4/13/2025 21:17,64.1,39.47,0.4,1.6
4/13/2025 21:17,64.15,39.365,0.4,1.7
4/13/2025 21:17,64.2,39.27,0.5,1.7
4/13/2025 21:17,64.25,39.14,0.4,1.7
4/13/2025 21:17,64.3,38.955,0.5,1.7
4/13/2025 21:17,64.35,38.76,0.5,1.7
4/13/2025 21:17,64.4,38.59,0.5,1.7
4/13/2025 21:17,64.45,38.39,0.5,1.7
4/13/2025 21:17,64.5,38.1,0.5,1.7
4/13/2025 21:17,64.55,37.875,0.5,1.7
4/13/2025 21:17,64.6,37.645,0.5,1.7
4/13/2025 21:17,64.65,37.445,0.5,1.7
4/13/2025 21:17,64.7,37.065,0.5,1.7
4/13/2025 21:17,64.75,36.75,0.5,1.7
4/13/2025 21:17,64.8,36.405,0.5,1.7
4/13/2025 21:17,64.85,36.26,0.5,1.7
4/13/2025 21:17,64.9,36.25,0.5,1.7
4/13/2025 21:17,64.95,36.25,0.5,1.7
4/13/2025 21:17,65,36.22,0.5,1.7
4/13/2025 21:17,65.05,36.18,0.5,1.7
4/13/2025 21:17,65.1,36.13,0.5,1.7
4/13/2025 21:17,65.15,36.06,0.5,1.7
4/13/2025 21:17,65.2,36.005,0.4,1.6
4/13/2025 21:17,65.25,35.925,0.5,1.7
4/13/2025 21:17,65.3,35.75,0.4,1.6
4/13/2025 21:17,65.35,35.64,0.4,1.6
4/13/2025 21:17,65.4,35.585,0.4,1.6
4/13/2025 21:17,65.45,35.505,0.4,1.6
4/13/2025 21:17,65.5,35.27,0.4,1.6
4/13/2025 21:17,65.55,34.97,0.4,1.6
4/13/2025 21:17,65.6,34.665,0.5,1.7
4/13/2025 21:17,65.65,34.365,0.5,1.7
4/13/2025 21:17,65.7,34.13,0.5,1.7
4/13/2025 21:17,65.75,33.725,0.5,1.7
4/13/2025 21:17,65.8,33.385,0.5,1.7
4/13/2025 21:17,65.85,33.105,0.5,1.7
4/13/2025 21:17,65.9,32.705,0.5,1.7
4/13/2025 21:17,65.95,32.375,0.5,1.7
4/13/2025 21:17,66,32.125,0.5,1.7
4/13/2025 21:17,66.05,31.835,0.4,1.7
4/13/2025 21:17,66.1,31.575,0.5,1.7
4/13/2025 21:17,66.15,31.35,0.4,1.6
4/13/2025 21:17,66.2,31.16,0.4,1.6
4/13/2025 21:17,66.25,30.995,0.4,1.6
4/13/2025 21:17,66.3,30.83,0.4,1.6
4/13/2025 21:17,66.35,30.705,0.4,1.7
4/13/2025 21:17,66.4,30.575,0.4,1.6
4/13/2025 21:17,66.45,30.475,0.4,1.6
4/13/2025 21:17,66.5,30.37,0.4,1.6
4/13/2025 21:17,66.55,30.335,0.4,1.6
4/13/2025 21:17,66.6,30.365,0.4,1.6
4/13/2025 21:17,66.65,30.42,0.4,1.6
4/13/2025 21:17,66.7,30.435,0.4,1.6
4/13/2025 21:17,66.75,30.435,0.4,1.6
4/13/2025 21:17,66.8,30.435,0.4,1.6
4/13/2025 21:17,66.85,30.435,0.4,1.6
4/13/2025 21:17,66.9,30.365,0.4,1.6
4/13/2025 21:17,66.95,30.245,0.4,1.6
4/13/2025 21:17,67,30.095,0.4,1.6
4/13/2025 21:17,67.05,29.86,0.4,1.6
4/13/2025 21:17,67.1,29.625,0.4,1.6
4/13/2025 21:17,67.15,29.4,0.4,1.6
4/13/2025 21:17,67.2,29.2,0.4,1.6
4/13/2025 21:17,67.25,28.945,0.4,1.6
4/13/2025 21:17,67.3,28.74,0.4,1.6
4/13/2025 21:17,67.35,28.5,0.4,1.6
4/13/2025 21:17,67.4,28.29,0.4,1.7
4/13/2025 21:17,67.45,28,0.4,1.6
4/13/2025 21:17,67.5,27.76,0.4,1.6
4/13/2025 21:17,67.55,27.665,0.4,1.7
4/13/2025 21:17,67.6,27.505,0.4,1.6
4/13/2025 21:17,67.65,27.265,0.4,1.6
4/13/2025 21:17,67.7,27.17,0.5,1.7
4/13/2025 21:17,67.75,27.075,0.4,1.6
4/13/2025 21:17,67.8,26.995,0.4,1.6
4/13/2025 21:17,67.85,26.98,0.4,1.6
4/13/2025 21:17,67.9,26.86,0.5,1.7
4/13/2025 21:17,67.95,26.805,0.4,1.6
4/13/2025 21:17,68,26.8,0.4,1.6
4/13/2025 21:17,68.05,26.605,0.4,1.6
4/13/2025 21:17,68.1,26.515,0.4,1.6
4/13/2025 21:17,68.15,26.51,0.4,1.6
4/13/2025 21:17,68.2,26.22,0.4,1.6
4/13/2025 21:17,68.25,26.025,0.4,1.6
4/13/2025 21:17,68.3,25.93,0.4,1.6
4/13/2025 21:17,68.35,25.65,0.4,1.6
4/13/2025 21:17,68.4,25.535,0.4,1.6
4/13/2025 21:17,68.45,25.33,0.5,1.7
4/13/2025 21:17,68.5,25.235,0.5,1.7
4/13/2025 21:17,68.55,25.18,0.5,1.7
4/13/2025 21:17,68.6,25.135,0.5,1.7
4/13/2025 21:17,68.65,25.035,0.5,1.7
4/13/2025 21:17,68.7,25.03,0.5,1.7
4/13/2025 21:17,68.75,24.9,0.5,1.7
4/13/2025 21:17,68.8,24.675,0.5,1.7
4/13/2025 21:17,68.85,24.39,0.6,1.8
4/13/2025 21:17,68.9,24.1,0.6,1.8
4/13/2025 21:17,68.95,23.72,0.7,1.8
4/13/2025 21:17,69,23.135,0.7,1.8
4/13/2025 21:17,69.05,22.6,0.6,1.8
4/13/2025 21:17,69.1,22.265,0.5,1.7
4/13/2025 21:17,69.15,21.765,0.4,1.7
4/13/2025 21:17,69.2,21.435,0.4,1.6
4/13/2025 21:17,69.25,21.15,0.4,1.6
4/13/2025 21:17,69.3,20.785,0.5,1.7
4/13/2025 21:17,69.35,20.335,0.6,1.7
4/13/2025 21:17,69.4,20.025,0.6,1.8
4/13/2025 21:17,69.45,19.6,0.7,1.8
4/13/2025 21:17,69.5,19.47,0.7,1.9
4/13/2025 21:17,69.55,19.28,0.7,1.9
4/13/2025 21:17,69.6,18.995,0.7,1.9
4/13/2025 21:17,69.65,18.78,0.7,1.8
4/13/2025 21:17,69.7,18.455,0.7,1.8
4/13/2025 21:17,69.75,18.26,0.6,1.8
4/13/2025 21:17,69.8,18.165,0.6,1.8
4/13/2025 21:17,69.85,17.735,0.5,1.7
4/13/2025 21:17,69.9,17.195,0.5,1.7
4/13/2025 21:17,69.95,16.82,0.4,1.6
4/13/2025 21:17,70,16.765,0.4,1.6
4/13/2025 21:17,70.05,16.7,0.4,1.6
4/13/2025 21:17,70.1,16.61,0.4,1.6
4/13/2025 21:17,70.15,16.61,0.4,1.6
4/13/2025 21:17,70.2,16.61,0.4,1.6
4/13/2025 21:17,70.25,16.565,0.4,1.6
4/13/2025 21:17,70.3,16.435,0.4,1.6
4/13/2025 21:17,70.35,16.4,0.4,1.6
4/13/2025 21:17,70.4,16.2,0.4,1.6
4/13/2025 21:17,70.45,16.07,0.5,1.7
4/13/2025 21:17,70.5,15.97,0.5,1.7
4/13/2025 21:17,70.55,15.88,0.4,1.6
4/13/2025 21:17,70.6,15.74,0.5,1.7
4/13/2025 21:17,70.65,15.635,0.5,1.7
4/13/2025 21:17,70.7,15.45,0.5,1.7
4/13/2025 21:17,70.75,15.325,0.5,1.7
4/13/2025 21:17,70.8,15.1,0.4,1.7
4/13/2025 21:17,70.85,14.78,0.4,1.6
4/13/2025 21:17,70.9,14.55,0.4,1.6
4/13/2025 21:17,70.95,14.325,0.4,1.6
4/13/2025 21:17,71,14.21,0.4,1.6
4/13/2025 21:17,71.05,13.99,0.5,1.7
4/13/2025 21:17,71.1,13.68,0.5,1.7
4/13/2025 21:17,71.15,13.34,0.5,1.7
4/13/2025 21:17,71.2,13.08,0.5,1.7
4/13/2025 21:17,71.25,12.785,0.5,1.7
4/13/2025 21:17,71.3,12.44,0.5,1.7
4/13/2025 21:17,71.35,12.135,0.4,1.6
4/13/2025 21:17,71.4,11.835,0.4,1.7
4/13/2025 21:17,71.45,11.695,0.5,1.7
4/13/2025 21:17,71.5,11.515,0.5,1.7
4/13/2025 21:17,71.55,11.34,0.5,1.7
4/13/2025 21:17,71.6,11.155,0.6,1.8
4/13/2025 21:17,71.65,10.935,0.8,1.9
4/13/2025 21:17,71.7,10.705,1,2
4/13/2025 21:17,71.75,10.49,1.1,2.1
4/13/2025 21:17,71.8,10.185,1.4,2.2
4/13/2025 21:17,71.85,9.89,1.7,2.2
4/13/2025 21:17,71.9,9.675,1.9,2.3
4/13/2025 21:17,71.95,9.44,2.1,2.3
4/13/2025 21:17,72,9.285,2.1,2.3
4/13/2025 21:17,72.05,9.025,2.1,2.3
4/13/2025 21:17,72.1,8.74,2,2.3
4/13/2025 21:17,72.15,8.535,1.8,2.3
4/13/2025 21:17,72.2,8.25,1.5,2.2
4/13/2025 21:17,72.25,8.035,1.2,2.1
4/13/2025 21:17,72.3,7.865,1,2
4/13/2025 21:17,72.35,7.575,0.7,1.8
4/13/2025 21:17,72.4,7.305,0.5,1.7
4/13/2025 21:17,72.45,6.995,0.5,1.7
4/13/2025 21:17,72.5,6.67,0.8,1.9
4/13/2025 21:17,72.55,6.625,1,2
4/13/2025 21:17,72.6,6.415,1.3,2.1
4/13/2025 21:17,72.65,6.21,2.3,2.4
4/13/2025 21:17,72.7,6.165,2.2,2.3
4/13/2025 21:17,72.75,5.985,3.1,2.5
4/13/2025 21:17,72.8,5.855,3.6,2.6
4/13/2025 21:17,72.85,5.71,4.3,2.6
4/13/2025 21:17,72.9,5.54,4.9,2.7
4/13/2025 21:17,72.95,5.29,5.7,2.8
4/13/2025 21:17,73,5.115,6.1,2.8
4/13/2025 21:17,73.05,4.925,6.3,2.8
4/13/2025 21:17,73.1,4.645,6.4,2.8
4/13/2025 21:17,73.15,4.37,5.9,2.8
4/13/2025 21:17,73.2,4.145,5.3,2.7
4/13/2025 21:17,73.25,3.83,4.2,2.6
4/13/2025 21:17,73.3,3.44,2.5,2.4
4/13/2025 21:17,73.35,3.195,1.4,2.1
4/13/2025 21:17,73.4,3.05,1,2
4/13/2025 21:17,73.45,2.845,0.6,1.8
4/13/2025 21:17,73.5,2.545,0.4,1.6
4/13/2025 21:17,73.55,2.275,0.8,1.9
4/13/2025 21:17,73.6,2.005,1.8,2.3
4/13/2025 21:17,73.65,1.805,2.8,2.4
4/13/2025 21:17,73.7,1.59,3.9,2.6
4/13/2025 21:17,73.75,1.395,5.1,2.7
4/13/2025 21:17,73.8,1.215,5.9,2.8
4/13/2025 21:17,73.85,0.95,7.4,2.9
4/13/2025 21:17,73.9,0.725,8.1,2.9
4/13/2025 21:17,73.95,0.455,9,3
4/13/2025 21:17,74,0.21,9,3
4/13/2025 21:17,74.05,-0.035,8.8,2.9
4/13/2025 21:17,74.1,-0.315,7.8,2.9
4/13/2025 21:17,74.15,-0.465,7.2,2.9
4/13/2025 21:17,74.2,-0.665,6.3,2.8
4/13/2025 21:17,74.25,-0.82,5.6,2.7
4/13/2025 21:17,74.3,-1.075,4.3,2.6
4/13/2025 21:17,74.35,-1.315,2.9,2.5
4/13/2025 21:17,74.4,-1.54,1.8,2.2
4/13/2025 21:17,74.45,-1.725,1.1,2
4/13/2025 21:17,74.5,-1.9,0.7,1.8
4/13/2025 21:17,74.55,-2.085,0.4,1.6
4/13/2025 21:17,74.6,-2.25,0.5,1.7
4/13/2025 21:17,74.65,-2.515,0.7,1.9
4/13/2025 21:17,74.7,-2.755,1.5,2.2
4/13/2025 21:17,74.75,-2.94,2.1,2.3
4/13/2025 21:17,74.8,-3.175,3.2,2.5
4/13/2025 21:17,74.85,-3.285,3.7,2.6
4/13/2025 21:17,74.9,-3.425,4.2,2.6
4/13/2025 21:17,74.95,-3.625,5.1,2.7
4/13/2025 21:17,75,-3.845,5.9,2.8
4/13/2025 21:17,75.05,-4.12,6.7,2.8
4/13/2025 21:17,75.1,-4.29,6.7,2.8
4/13/2025 21:17,75.15,-4.715,6.4,2.8
4/13/2025 21:17,75.2,-4.965,5.5,2.7
4/13/2025 21:17,75.25,-5.21,4.7,2.7
4/13/2025 21:17,75.3,-5.505,3.5,2.5
4/13/2025 21:17,75.35,-5.825,2.2,2.3
4/13/2025 21:17,75.4,-6.09,1.3,2.1
4/13/2025 21:17,75.45,-6.305,0.8,1.9
4/13/2025 21:17,75.5,-6.53,0.5,1.7
4/13/2025 21:17,75.55,-6.735,0.4,1.6
4/13/2025 21:17,75.6,-7.045,0.5,1.7
4/13/2025 21:17,75.65,-7.375,0.8,1.9
4/13/2025 21:17,75.7,-7.71,1.4,2.1
4/13/2025 21:17,75.75,-7.9,1.7,2.2
4/13/2025 21:17,75.8,-8.125,2,2.3
4/13/2025 21:17,75.85,-8.375,2.2,2.3
4/13/2025 21:17,75.9,-8.65,2.3,2.4
4/13/2025 21:17,75.95,-8.88,2.3,2.4
4/13/2025 21:17,76,-8.97,2.2,2.3
4/13/2025 21:17,76.05,-9.12,2.2,2.3
4/13/2025 21:17,76.1,-9.255,2,2.3
4/13/2025 21:17,76.15,-9.305,1.9,2.3
4/13/2025 21:17,76.2,-9.355,1.9,2.3
4/13/2025 21:17,76.25,-9.515,1.8,2.3
4/13/2025 21:17,76.3,-9.64,1.6,2.2
4/13/2025 21:17,76.35,-9.8,1.5,2.2
4/13/2025 21:17,76.4,-9.955,1.3,2.1
4/13/2025 21:17,76.45,-10.19,1.1,2
4/13/2025 21:17,76.5,-10.465,0.8,1.9
4/13/2025 21:17,76.55,-10.635,0.7,1.8
4/13/2025 21:17,76.6,-10.83,0.6,1.8
4/13/2025 21:17,76.65,-10.975,0.5,1.7
4/13/2025 21:17,76.7,-11.14,0.5,1.7
4/13/2025 21:17,76.75,-11.325,0.4,1.6
4/13/2025 21:17,76.8,-11.54,0.4,1.6
4/13/2025 21:17,76.85,-11.8,0.4,1.6
4/13/2025 21:17,76.9,-12.18,0.4,1.7
4/13/2025 21:17,76.95,-12.675,0.5,1.7
4/13/2025 21:17,77,-12.74,0.5,1.7
4/13/2025 21:17,77.05,-12.79,0.5,1.7
4/13/2025 21:17,77.1,-12.96,0.5,1.7
4/13/2025 21:17,77.15,-13.14,0.5,1.7
4/13/2025 21:17,77.2,-13.455,0.5,1.7
4/13/2025 21:17,77.25,-13.755,0.5,1.7
4/13/2025 21:17,77.3,-14,0.4,1.6
4/13/2025 21:17,77.35,-14.135,0.4,1.6
4/13/2025 21:17,77.4,-14.26,0.4,1.6
4/13/2025 21:17,77.45,-14.335,0.4,1.6
4/13/2025 21:17,77.5,-14.37,0.4,1.6
4/13/2025 21:17,77.55,-14.405,0.4,1.6
4/13/2025 21:17,77.6,-14.42,0.4,1.6
4/13/2025 21:17,77.65,-14.42,0.4,1.6
4/13/2025 21:17,77.7,-14.42,0.4,1.6
4/13/2025 21:17,77.75,-14.445,0.5,1.7
4/13/2025 21:17,77.8,-14.515,0.4,1.6
4/13/2025 21:17,77.85,-14.58,0.4,1.6
4/13/2025 21:17,77.9,-14.59,0.4,1.6
4/13/2025 21:17,77.95,-14.61,0.4,1.6
4/13/2025 21:17,78,-14.615,0.4,1.6
4/13/2025 21:17,78.05,-14.73,0.4,1.6
4/13/2025 21:17,78.1,-14.965,0.4,1.6
4/13/2025 21:17,78.15,-15.035,0.4,1.6
4/13/2025 21:17,78.2,-15.145,0.4,1.6
4/13/2025 21:17,78.25,-15.48,0.5,1.7
4/13/2025 21:17,78.3,-15.88,0.4,1.6
4/13/2025 21:17,78.35,-16.185,0.4,1.6
4/13/2025 21:17,78.4,-16.495,0.4,1.6
4/13/2025 21:17,78.45,-16.675,0.4,1.7
4/13/2025 21:17,78.5,-16.98,0.5,1.7
4/13/2025 21:17,78.55,-17.18,0.5,1.7
4/13/2025 21:17,78.6,-17.305,0.5,1.7
4/13/2025 21:17,78.65,-17.56,0.6,1.8
4/13/2025 21:17,78.7,-18.045,0.7,1.8
4/13/2025 21:17,78.75,-18.195,0.7,1.9
4/13/2025 21:17,78.8,-18.42,0.7,1.9
4/13/2025 21:17,78.85,-18.74,0.8,1.9
4/13/2025 21:17,78.9,-19.08,0.8,1.9
4/13/2025 21:17,78.95,-19.54,0.7,1.8
4/13/2025 21:17,79,-19.79,0.6,1.8
4/13/2025 21:17,79.05,-20.09,0.5,1.7
4/13/2025 21:17,79.1,-20.33,0.5,1.7
4/13/2025 21:17,79.15,-20.43,0.5,1.7
4/13/2025 21:17,79.2,-20.665,0.4,1.7
4/13/2025 21:17,79.25,-20.875,0.4,1.6
4/13/2025 21:17,79.3,-21.075,0.4,1.6
4/13/2025 21:17,79.35,-21.195,0.4,1.6
4/13/2025 21:17,79.4,-21.37,0.4,1.6
4/13/2025 21:17,79.45,-21.525,0.5,1.7
4/13/2025 21:17,79.5,-21.695,0.5,1.7
4/13/2025 21:17,79.55,-21.855,0.5,1.7
4/13/2025 21:17,79.6,-22.06,0.6,1.8
4/13/2025 21:17,79.65,-22.23,0.6,1.8
4/13/2025 21:17,79.7,-22.43,0.7,1.8
4/13/2025 21:17,79.75,-22.62,0.7,1.8
4/13/2025 21:17,79.8,-23.035,0.7,1.9
4/13/2025 21:17,79.85,-23.375,0.7,1.9
4/13/2025 21:17,79.9,-23.455,0.7,1.9
4/13/2025 21:17,79.95,-23.595,0.7,1.8
4/13/2025 21:17,80,-23.66,0.7,1.8
4/13/2025 21:17,80.05,-23.815,0.7,1.8
4/13/2025 21:17,80.1,-23.98,0.6,1.8
4/13/2025 21:17,80.15,-24.06,0.6,1.8
4/13/2025 21:17,80.2,-24.2,0.6,1.8
4/13/2025 21:17,80.25,-24.275,0.6,1.8
4/13/2025 21:17,80.3,-24.555,0.5,1.7
4/13/2025 21:17,80.35,-24.795,0.5,1.7
4/13/2025 21:17,80.4,-25.01,0.4,1.7
4/13/2025 21:17,80.45,-25.135,0.4,1.7
4/13/2025 21:17,80.5,-25.22,0.4,1.6
4/13/2025 21:17,80.55,-25.455,0.4,1.6
4/13/2025 21:17,80.6,-25.79,0.4,1.6
4/13/2025 21:17,80.65,-25.97,0.4,1.6
4/13/2025 21:17,80.7,-26.085,0.4,1.6
4/13/2025 21:17,80.75,-26.34,0.5,1.7
4/13/2025 21:17,80.8,-26.51,0.5,1.7
4/13/2025 21:17,80.85,-26.695,0.5,1.7
4/13/2025 21:17,80.9,-26.895,0.5,1.7
4/13/2025 21:17,80.95,-26.985,0.5,1.7
4/13/2025 21:17,81,-27.24,0.5,1.7
4/13/2025 21:17,81.05,-27.575,0.5,1.7
4/13/2025 21:17,81.1,-27.775,0.4,1.7
4/13/2025 21:17,81.15,-28.04,0.4,1.7
4/13/2025 21:17,81.2,-28.26,0.4,1.6
4/13/2025 21:17,81.25,-28.415,0.5,1.7
4/13/2025 21:17,81.3,-28.55,0.4,1.6
4/13/2025 21:17,81.35,-28.675,0.4,1.6
4/13/2025 21:17,81.4,-28.865,0.4,1.6
4/13/2025 21:17,81.45,-29.045,0.4,1.6
4/13/2025 21:17,81.5,-29.255,0.4,1.6
4/13/2025 21:17,81.55,-29.43,0.4,1.6
4/13/2025 21:17,81.6,-29.625,0.4,1.6
4/13/2025 21:17,81.65,-29.79,0.4,1.6
4/13/2025 21:17,81.7,-30.025,0.4,1.6
4/13/2025 21:17,81.75,-30.165,0.4,1.6
4/13/2025 21:17,81.8,-30.34,0.4,1.6
4/13/2025 21:17,81.85,-30.575,0.4,1.6
4/13/2025 21:17,81.9,-30.765,0.4,1.6
4/13/2025 21:17,81.95,-30.935,0.4,1.6
4/13/2025 21:17,82,-31.035,0.4,1.6
4/13/2025 21:17,82.05,-31.175,0.4,1.6
4/13/2025 21:17,82.1,-31.34,0.4,1.6
4/13/2025 21:17,82.15,-31.62,0.4,1.7
4/13/2025 21:17,82.2,-32.08,0.5,1.7
4/13/2025 21:17,82.25,-32.465,0.5,1.7
4/13/2025 21:17,82.3,-32.84,0.5,1.7
4/13/2025 21:17,82.35,-33.18,0.5,1.7
4/13/2025 21:17,82.4,-33.35,0.5,1.7
4/13/2025 21:17,82.45,-33.565,0.5,1.7
4/13/2025 21:17,82.5,-33.78,0.5,1.7
4/13/2025 21:17,82.55,-34.125,0.5,1.7
4/13/2025 21:17,82.6,-34.415,0.4,1.6
4/13/2025 21:17,82.65,-34.585,0.4,1.6
4/13/2025 21:17,82.7,-34.77,0.4,1.6
4/13/2025 21:17,82.75,-35.225,0.4,1.6
4/13/2025 21:17,82.8,-35.48,0.4,1.6
4/13/2025 21:17,82.85,-35.71,0.4,1.6
4/13/2025 21:17,82.9,-35.945,0.5,1.7
4/13/2025 21:17,82.95,-36.335,0.5,1.7
4/13/2025 21:17,83,-36.655,0.5,1.7
4/13/2025 21:17,83.05,-36.89,0.5,1.7
4/13/2025 21:17,83.1,-37.175,0.5,1.7
4/13/2025 21:17,83.15,-37.495,0.5,1.7
4/13/2025 21:17,83.2,-37.78,0.5,1.7
4/13/2025 21:17,83.25,-38.035,0.5,1.7
4/13/2025 21:17,83.3,-38.335,0.5,1.7
4/13/2025 21:17,83.35,-38.575,0.5,1.7
4/13/2025 21:17,83.4,-38.875,0.4,1.7
4/13/2025 21:17,83.45,-38.9,0.4,1.6
4/13/2025 21:17,83.5,-38.9,0.4,1.7
4/13/2025 21:17,83.55,-38.9,0.5,1.7
4/13/2025 21:17,83.6,-38.9,0.5,1.7
4/13/2025 21:17,83.65,-38.9,0.5,1.7
4/13/2025 21:17,83.7,-38.915,0.5,1.7
4/13/2025 21:17,83.75,-39.08,0.4,1.6
4/13/2025 21:17,83.8,-39.365,0.4,1.6
4/13/2025 21:17,83.85,-39.665,0.4,1.6
4/13/2025 21:17,83.9,-39.98,0.4,1.6
4/13/2025 21:17,83.95,-40.23,0.4,1.6
4/13/2025 21:17,84,-40.385,0.4,1.6
4/13/2025 21:17,84.05,-40.465,0.4,1.6
4/13/2025 21:17,84.1,-40.605,0.4,1.6
4/13/2025 21:17,84.15,-40.775,0.4,1.6
4/13/2025 21:17,84.2,-40.935,0.4,1.6
4/13/2025 21:17,84.25,-41.17,0.4,1.6
4/13/2025 21:17,84.3,-41.315,0.4,1.6
4/13/2025 21:17,84.35,-41.47,0.4,1.7
4/13/2025 21:17,84.4,-41.76,0.4,1.6
4/13/2025 21:17,84.45,-42.045,0.4,1.6
4/13/2025 21:17,84.5,-42.335,0.5,1.7
4/13/2025 21:17,84.55,-42.63,0.4,1.6
4/13/2025 21:17,84.6,-42.77,0.4,1.6
4/13/2025 21:17,84.65,-42.84,0.4,1.6
4/13/2025 21:17,84.7,-42.875,0.4,1.6
4/13/2025 21:17,84.75,-42.88,0.4,1.6
4/13/2025 21:17,84.8,-42.915,0.4,1.6
4/13/2025 21:17,84.85,-42.96,0.4,1.6
4/13/2025 21:17,84.9,-43.15,0.4,1.6
4/13/2025 21:17,84.95,-43.24,0.4,1.6
4/13/2025 21:17,85,-43.42,0.4,1.6
4/13/2025 21:17,85.05,-43.58,0.4,1.6
4/13/2025 21:17,85.1,-43.585,0.4,1.6
4/13/2025 21:17,85.15,-43.585,0.4,1.6
4/13/2025 21:17,85.2,-43.585,0.4,1.6
4/13/2025 21:17,85.25,-43.585,0.4,1.6
4/13/2025 21:17,85.3,-43.585,0.4,1.6
4/13/2025 21:17,85.35,-43.585,0.4,1.6
4/13/2025 21:17,85.4,-43.585,0.4,1.6
4/13/2025 21:17,85.45,-43.585,0.4,1.6
4/13/2025 21:17,85.5,-43.585,0.4,1.6
4/13/2025 21:17,85.55,-43.585,0.4,1.6
4/13/2025 21:17,85.6,-43.595,0.4,1.6
4/13/2025 21:17,85.65,-43.685,0.4,1.6
4/13/2025 21:17,85.7,-44.035,0.4,1.6
4/13/2025 21:17,85.75,-44.375,0.4,1.6
4/13/2025 21:17,85.8,-44.635,0.4,1.6
4/13/2025 21:17,85.85,-44.825,0.4,1.6
4/13/2025 21:17,85.9,-45.02,0.4,1.6
4/13/2025 21:17,85.95,-45.2,0.4,1.6
4/13/2025 21:18,86,-45.36,0.4,1.6
4/13/2025 21:18,86.05,-45.53,0.4,1.6
4/13/2025 21:18,86.1,-45.79,0.4,1.7
4/13/2025 21:18,86.15,-45.98,0.4,1.6
4/13/2025 21:18,86.2,-46.21,0.4,1.7
4/13/2025 21:18,86.25,-46.47,0.4,1.6
4/13/2025 21:18,86.3,-46.555,0.5,1.7
4/13/2025 21:18,86.35,-46.74,0.5,1.7
4/13/2025 21:18,86.4,-46.925,0.5,1.7
4/13/2025 21:18,86.45,-47.155,0.5,1.7
4/13/2025 21:18,86.5,-47.615,0.5,1.7
4/13/2025 21:18,86.55,-47.935,0.5,1.7
4/13/2025 21:18,86.6,-48.09,0.5,1.7
4/13/2025 21:18,86.65,-48.155,0.5,1.7
4/13/2025 21:18,86.7,-48.16,0.5,1.7
4/13/2025 21:18,86.75,-48.17,0.5,1.7
4/13/2025 21:18,86.8,-48.295,0.5,1.7
4/13/2025 21:18,86.85,-48.475,0.4,1.6
4/13/2025 21:18,86.9,-48.655,0.4,1.6
4/13/2025 21:18,86.95,-48.915,0.4,1.6
4/13/2025 21:18,87,-49.11,0.4,1.6
4/13/2025 21:18,87.05,-49.555,0.4,1.6
4/13/2025 21:18,87.1,-50.035,0.5,1.7
4/13/2025 21:18,87.15,-50.27,0.4,1.6
4/13/2025 21:18,87.2,-50.29,0.4,1.7
4/13/2025 21:18,87.25,-50.325,0.4,1.6
4/13/2025 21:18,87.3,-50.46,0.5,1.7
4/13/2025 21:18,87.35,-50.615,0.5,1.7
4/13/2025 21:18,87.4,-50.81,0.5,1.7
4/13/2025 21:18,87.45,-50.845,0.5,1.7
4/13/2025 21:18,87.5,-50.915,0.5,1.7
4/13/2025 21:18,87.55,-51.205,0.5,1.7
4/13/2025 21:18,87.6,-51.63,0.5,1.7
4/13/2025 21:18,87.65,-51.81,0.5,1.7
4/13/2025 21:18,87.7,-51.81,0.5,1.7
4/13/2025 21:18,87.75,-51.81,0.5,1.7
4/13/2025 21:18,87.8,-51.82,0.5,1.7
4/13/2025 21:18,87.85,-51.89,0.5,1.7
4/13/2025 21:18,87.9,-51.91,0.5,1.7
4/13/2025 21:18,87.95,-51.935,0.5,1.7
4/13/2025 21:18,88,-51.995,0.5,1.7
4/13/2025 21:18,88.05,-52.125,0.5,1.7
4/13/2025 21:18,88.1,-52.335,0.5,1.7
4/13/2025 21:18,88.15,-52.39,0.5,1.7
4/13/2025 21:18,88.2,-52.41,0.5,1.7
4/13/2025 21:18,88.25,-52.51,0.5,1.7
4/13/2025 21:18,88.3,-52.51,0.5,1.7
4/13/2025 21:18,88.35,-52.51,0.5,1.7
4/13/2025 21:18,88.4,-52.51,0.5,1.7
4/13/2025 21:18,88.45,-52.51,0.5,1.7
4/13/2025 21:18,88.5,-52.45,0.5,1.7
4/13/2025 21:18,88.55,-52.44,0.5,1.7
4/13/2025 21:18,88.6,-52.44,0.5,1.7
4/13/2025 21:18,88.65,-52.44,0.5,1.7
4/13/2025 21:18,88.7,-52.44,0.5,1.7
4/13/2025 21:18,88.75,-52.44,0.5,1.7
4/13/2025 21:18,88.8,-52.44,0.5,1.7
4/13/2025 21:18,88.85,-52.44,0.5,1.7
4/13/2025 21:18,88.9,-52.44,0.5,1.7
4/13/2025 21:18,88.95,-52.44,0.5,1.7
4/13/2025 21:18,89,-52.44,0.5,1.7
4/13/2025 21:18,89.05,-52.51,0.5,1.7
4/13/2025 21:18,89.1,-52.76,0.5,1.7
4/13/2025 21:18,89.15,-53.095,0.5,1.7
4/13/2025 21:18,89.2,-53.31,0.4,1.6
4/13/2025 21:18,89.25,-53.51,0.4,1.6
4/13/2025 21:18,89.3,-53.69,0.4,1.6
4/13/2025 21:18,89.35,-53.84,0.4,1.6
4/13/2025 21:18,89.4,-53.96,0.4,1.6
4/13/2025 21:18,89.45,-54.09,0.4,1.6
4/13/2025 21:18,89.5,-54.32,0.4,1.6
4/13/2025 21:18,89.55,-54.425,0.4,1.6
4/13/2025 21:18,89.6,-54.585,0.4,1.6
4/13/2025 21:18,89.65,-54.77,0.4,1.6
4/13/2025 21:18,89.7,-54.93,0.4,1.6
4/13/2025 21:18,89.75,-55.1,0.4,1.6
4/13/2025 21:18,89.8,-55.32,0.4,1.7
4/13/2025 21:18,89.85,-55.565,0.4,1.6
4/13/2025 21:18,89.9,-55.765,0.4,1.7
4/13/2025 21:18,89.95,-55.985,0.4,1.6
4/13/2025 21:18,90,-56.095,0.4,1.6
4/13/2025 21:18,90.05,-56.22,0.4,1.6
4/13/2025 21:18,90.1,-56.385,0.4,1.6
4/13/2025 21:18,90.15,-56.585,0.4,1.6
4/13/2025 21:18,90.2,-56.75,0.4,1.6
4/13/2025 21:18,90.25,-56.945,0.4,1.6
4/13/2025 21:18,90.3,-57.325,0.4,1.6
4/13/2025 21:18,90.35,-57.5,0.4,1.6
4/13/2025 21:18,90.4,-57.555,0.4,1.6
4/13/2025 21:18,90.45,-57.73,0.4,1.6
4/13/2025 21:18,90.5,-57.935,0.4,1.6
4/13/2025 21:18,90.55,-58.28,0.5,1.7
4/13/2025 21:18,90.6,-58.73,0.4,1.6
4/13/2025 21:18,90.65,-59.05,0.4,1.6
4/13/2025 21:18,90.7,-59.4,0.4,1.6
4/13/2025 21:18,90.75,-59.77,0.4,1.6
4/13/2025 21:18,90.8,-60.035,0.4,1.6
4/13/2025 21:18,90.85,-60.31,0.4,1.6
4/13/2025 21:18,90.9,-60.55,0.4,1.6
4/13/2025 21:18,90.95,-60.76,0.4,1.7
4/13/2025 21:18,91,-60.875,0.4,1.6
4/13/2025 21:18,91.05,-60.995,0.5,1.7
4/13/2025 21:18,91.1,-61.14,0.4,1.6
4/13/2025 21:18,91.15,-61.27,0.4,1.6
4/13/2025 21:18,91.2,-61.5,0.4,1.7
4/13/2025 21:18,91.25,-61.675,0.5,1.7
4/13/2025 21:18,91.3,-61.825,0.4,1.6
4/13/2025 21:18,91.35,-61.9,0.4,1.7
4/13/2025 21:18,91.4,-62.06,0.5,1.7
4/13/2025 21:18,91.45,-62.275,0.4,1.6
4/13/2025 21:18,91.5,-62.485,0.4,1.6
4/13/2025 21:18,91.55,-62.715,0.4,1.7
4/13/2025 21:18,91.6,-62.95,0.4,1.6
4/13/2025 21:18,91.65,-63.265,0.4,1.6
4/13/2025 21:18,91.7,-63.485,0.4,1.6
4/13/2025 21:18,91.75,-63.545,0.4,1.6
4/13/2025 21:18,91.8,-63.745,0.4,1.6
4/13/2025 21:18,91.85,-63.89,0.4,1.6
4/13/2025 21:18,91.9,-63.915,0.4,1.6
4/13/2025 21:18,91.95,-63.935,0.4,1.6
4/13/2025 21:18,92,-63.945,0.4,1.6
4/13/2025 21:18,92.05,-63.95,0.4,1.6
4/13/2025 21:18,92.1,-63.95,0.4,1.6
4/13/2025 21:18,92.15,-63.95,0.4,1.6
4/13/2025 21:18,92.2,-63.95,0.4,1.6
4/13/2025 21:18,92.25,-63.95,0.4,1.6
4/13/2025 21:18,92.3,-63.95,0.4,1.6
4/13/2025 21:18,92.35,-63.95,0.4,1.6
4/13/2025 21:18,92.4,-63.95,0.4,1.6
4/13/2025 21:18,92.45,-63.95,0.4,1.6
4/13/2025 21:18,92.5,-63.95,0.4,1.6
4/13/2025 21:18,92.55,-63.95,0.4,1.6
4/13/2025 21:18,92.6,-63.95,0.4,1.6
4/13/2025 21:18,92.65,-63.95,0.4,1.6
4/13/2025 21:18,92.7,-63.935,0.4,1.6
4/13/2025 21:18,92.75,-63.885,0.4,1.6
4/13/2025 21:18,92.8,-63.885,0.4,1.6
4/13/2025 21:18,92.85,-63.885,0.4,1.6
4/13/2025 21:18,92.9,-63.885,0.4,1.6
4/13/2025 21:18,92.95,-63.885,0.4,1.6
4/13/2025 21:18,93,-63.885,0.4,1.6
4/13/2025 21:18,93.05,-63.885,0.4,1.6
4/13/2025 21:18,93.1,-63.88,0.4,1.6
4/13/2025 21:18,93.15,-63.88,0.4,1.6
4/13/2025 21:18,93.2,-63.88,0.4,1.6
4/13/2025 21:18,93.25,-63.88,0.4,1.6
4/13/2025 21:18,93.3,-63.88,0.4,1.6
4/13/2025 21:18,93.35,-63.88,0.4,1.6
4/13/2025 21:18,93.4,-63.88,0.4,1.6
4/13/2025 21:18,93.45,-63.88,0.4,1.6
4/13/2025 21:18,93.5,-63.88,0.4,1.6
4/13/2025 21:18,93.55,-63.88,0.4,1.6
4/13/2025 21:18,93.6,-63.88,0.4,1.6
4/13/2025 21:18,93.65,-63.88,0.4,1.6
4/13/2025 21:18,93.7,-63.88,0.4,1.6
4/13/2025 21:18,93.75,-63.88,0.4,1.6
4/13/2025 21:18,93.8,-63.88,0.4,1.6
4/13/2025 21:18,93.85,-63.88,0.4,1.6
4/13/2025 21:18,93.9,-63.88,0.4,1.6
4/13/2025 21:18,93.95,-63.88,0.4,1.6
4/13/2025 21:18,94,-63.88,0.4,1.6
4/13/2025 21:18,94.05,-63.88,0.4,1.6
4/13/2025 21:18,94.1,-63.88,0.4,1.6
4/13/2025 21:18,94.15,-63.88,0.4,1.6
4/13/2025 21:18,94.2,-63.88,0.4,1.6
4/13/2025 21:18,94.25,-63.88,0.4,1.6
4/13/2025 21:18,94.3,-63.88,0.4,1.6
4/13/2025 21:18,94.35,-63.88,0.4,1.6
4/13/2025 21:18,94.4,-63.88,0.4,1.6
4/13/2025 21:18,94.45,-63.88,0.4,1.6
4/13/2025 21:18,94.5,-63.88,0.4,1.6
4/13/2025 21:18,94.55,-63.88,0.4,1.6
4/13/2025 21:18,94.6,-63.88,0.4,1.6
4/13/2025 21:18,94.65,-63.88,0.4,1.6
4/13/2025 21:18,94.7,-63.88,0.4,1.6
4/13/2025 21:18,94.75,-63.88,0.4,1.6
4/13/2025 21:18,94.8,-63.88,0.4,1.6
4/13/2025 21:18,94.85,-63.88,0.4,1.6
4/13/2025 21:18,94.9,-63.88,0.4,1.6
4/13/2025 21:18,94.95,-63.88,0.4,1.6
4/13/2025 21:18,95,-63.88,0.4,1.6
4/13/2025 21:18,95.05,-63.88,0.4,1.6
4/13/2025 21:18,95.1,-63.88,0.4,1.6
4/13/2025 21:18,95.15,-63.88,0.4,1.6
4/13/2025 21:18,95.2,-63.88,0.4,1.6
4/13/2025 21:18,95.25,-63.88,0.4,1.6
4/13/2025 21:18,95.3,-63.88,0.4,1.6
4/13/2025 21:18,95.35,-63.88,0.4,1.6
4/13/2025 21:18,95.4,-63.88,0.4,1.6
4/13/2025 21:18,95.45,-63.88,0.4,1.6
4/13/2025 21:18,95.5,-63.88,0.4,1.6
4/13/2025 21:18,95.55,-63.88,0.4,1.6
4/13/2025 21:18,95.6,-63.88,0.4,1.6
4/13/2025 21:18,95.65,-63.88,0.4,1.6
4/13/2025 21:18,95.7,-63.88,0.4,1.6
4/13/2025 21:18,95.75,-63.88,0.4,1.6
4/13/2025 21:18,95.8,-63.88,0.4,1.6
4/13/2025 21:18,95.85,-63.88,0.4,1.6
4/13/2025 21:18,95.9,-63.88,0.4,1.6
4/13/2025 21:18,95.95,-63.88,0.4,1.6
4/13/2025 21:18,96,-63.88,0.4,1.6
4/13/2025 21:18,96.05,-63.88,0.4,1.6
4/13/2025 21:18,96.1,-63.88,0.4,1.6
4/13/2025 21:18,96.15,-63.88,0.4,1.6
4/13/2025 21:18,96.2,-63.88,0.4,1.6
4/13/2025 21:18,96.25,-63.88,0.4,1.6
4/13/2025 21:18,96.3,-63.88,0.4,1.6
4/13/2025 21:18,96.35,-63.88,0.4,1.6
4/13/2025 21:18,96.4,-63.88,0.4,1.6
4/13/2025 21:18,96.45,-63.88,0.4,1.6
4/13/2025 21:18,96.5,-63.88,0.4,1.6
4/13/2025 21:18,96.55,-63.88,0.4,1.6
4/13/2025 21:18,96.6,-63.88,0.4,1.6
4/13/2025 21:18,96.65,-63.88,0.4,1.6
4/13/2025 21:18,96.7,-63.88,0.4,1.6
4/13/2025 21:18,96.75,-63.88,0.4,1.6
4/13/2025 21:18,96.8,-63.88,0.4,1.6
4/13/2025 21:18,96.85,-63.88,0.4,1.6
4/13/2025 21:18,96.9,-63.88,0.4,1.6
4/13/2025 21:18,96.95,-63.88,0.4,1.6
4/13/2025 21:18,97,-63.88,0.4,1.6
4/13/2025 21:18,97.05,-63.88,0.4,1.6
4/13/2025 21:18,97.1,-63.88,0.4,1.6
4/13/2025 21:18,97.15,-63.88,0.4,1.6
4/13/2025 21:18,97.2,-63.88,0.4,1.6
4/13/2025 21:18,97.25,-63.88,0.4,1.6
4/13/2025 21:18,97.3,-63.88,0.4,1.6
4/13/2025 21:18,97.35,-63.88,0.4,1.6
4/13/2025 21:18,97.4,-63.88,0.4,1.6
4/13/2025 21:18,97.45,-63.88,0.4,1.6
4/13/2025 21:18,97.5,-63.88,0.4,1.6
4/13/2025 21:18,97.55,-63.88,0.4,1.6
4/13/2025 21:18,97.6,-63.88,0.4,1.6
4/13/2025 21:18,97.65,-63.88,0.4,1.6
4/13/2025 21:18,97.7,-63.88,0.4,1.6
4/13/2025 21:18,97.75,-63.88,0.4,1.6
4/13/2025 21:18,97.8,-63.88,0.4,1.6
4/13/2025 21:18,97.85,-63.88,0.4,1.6
4/13/2025 21:18,97.9,-63.88,0.4,1.6
4/13/2025 21:18,97.95,-63.88,0.4,1.6
4/13/2025 21:18,98,-63.88,0.4,1.6
4/13/2025 21:18,98.05,-63.88,0.4,1.6
4/13/2025 21:18,98.1,-63.88,0.4,1.6
4/13/2025 21:18,98.15,-63.88,0.4,1.6
4/13/2025 21:18,98.2,-63.88,0.4,1.6
4/13/2025 21:18,98.25,-63.88,0.4,1.6
4/13/2025 21:18,98.3,-63.88,0.4,1.6
4/13/2025 21:18,98.35,-63.88,0.4,1.6
4/13/2025 21:18,98.4,-63.88,0.4,1.6
4/13/2025 21:18,98.45,-63.88,0.4,1.6
4/13/2025 21:18,98.5,-63.88,0.4,1.6
4/13/2025 21:18,98.55,-63.88,0.4,1.6
4/13/2025 21:18,98.6,-63.88,0.4,1.6
4/13/2025 21:18,98.65,-63.88,0.4,1.6
4/13/2025 21:18,98.7,-63.88,0.4,1.6
4/13/2025 21:18,98.75,-63.88,0.4,1.6
4/13/2025 21:18,98.8,-63.88,0.4,1.6
4/13/2025 21:18,98.85,-63.88,0.4,1.6
4/13/2025 21:18,98.9,-63.88,0.4,1.6
4/13/2025 21:18,98.95,-63.88,0.4,1.6
4/13/2025 21:18,99,-63.88,0.4,1.6
4/13/2025 21:18,99.05,-63.88,0.4,1.6
4/13/2025 21:18,99.1,-63.88,0.4,1.6
4/13/2025 21:18,99.15,-63.88,0.4,1.6
4/13/2025 21:18,99.2,-63.88,0.4,1.6
4/13/2025 21:18,99.25,-63.88,0.4,1.6
4/13/2025 21:18,99.3,-63.88,0.4,1.6
4/13/2025 21:18,99.35,-63.88,0.4,1.6
4/13/2025 21:18,99.4,-63.88,0.4,1.6
4/13/2025 21:18,99.45,-63.88,0.4,1.6
4/13/2025 21:18,99.5,-63.88,0.4,1.6
4/13/2025 21:18,99.55,-63.88,0.4,1.6
4/13/2025 21:18,99.6,-63.88,0.4,1.6
