-16,0
-15.96875,0
-15.9375,0
-15.90625,0
-15.875,0
-15.84375,0
-15.8125,0
-15.78125,0
-15.75,0
-15.71875,0
-15.6875,0
-15.65625,0
-15.625,0
-15.59375,0
-15.5625,0
-15.53125,0
-15.5,0
-15.46875,0
-15.4375,0
-15.40625,0
-15.375,0
-15.34375,0
-15.3125,0
-15.28125,0
-15.25,0
-15.21875,0
-15.1875,0
-15.15625,0
-15.125,0
-15.09375,0
-15.0625,0
-15.03125,0
-15,0
-14.96875,0
-14.9375,0
-14.90625,0
-14.875,0
-14.84375,0
-14.8125,0
-14.78125,0
-14.75,0
-14.71875,0
-14.6875,0
-14.65625,0
-14.625,0
-14.59375,0
-14.5625,0
-14.53125,0
-14.5,0
-14.46875,0
-14.4375,0
-14.40625,0
-14.375,0
-14.34375,0
-14.3125,0
-14.28125,0
-14.25,0
-14.21875,0
-14.1875,0
-14.15625,0
-14.125,0
-14.09375,0
-14.0625,0
-14.03125,0
-14,0
-13.96875,3.9185E-308
-13.9375,4.9385E-307
-13.90625,6.2062E-306
-13.875,7.7772E-305
-13.84375,9.7178E-304
-13.8125,1.2108E-302
-13.78125,1.5042E-301
-13.75,1.8634E-300
-13.71875,2.3018E-299
-13.6875,2.835E-298
-13.65625,3.4816E-297
-13.625,4.2634E-296
-13.59375,5.2055E-295
-13.5625,6.3374E-294
-13.53125,7.6929E-293
-13.5,9.3112E-292
-13.46875,1.1237E-290
-13.4375,1.3521E-289
-13.40625,1.6222E-288
-13.375,1.9406E-287
-13.34375,2.3146E-286
-13.3125,2.7526E-285
-13.28125,3.2637E-284
-13.25,3.8584E-283
-13.21875,4.548E-282
-13.1875,5.3448E-281
-13.15625,6.2626E-280
-13.125,7.3163E-279
-13.09375,8.5217E-278
-13.0625,9.8961E-277
-13.03125,1.1458E-275
-13,1.3226E-274
-12.96875,1.5222E-273
-12.9375,1.7466E-272
-12.90625,1.998E-271
-12.875,2.2788E-270
-12.84375,2.5911E-269
-12.8125,2.9374E-268
-12.78125,3.3198E-267
-12.75,3.7406E-266
-12.71875,4.2019E-265
-12.6875,4.7058E-264
-12.65625,5.2539E-263
-12.625,5.848E-262
-12.59375,6.4893E-261
-12.5625,7.1788E-260
-12.53125,7.9171E-259
-12.5,8.7045E-258
-12.46875,9.5407E-257
-12.4375,1.0425E-255
-12.40625,1.1356E-254
-12.375,1.2331E-253
-12.34375,1.3349E-252
-12.3125,1.4405E-251
-12.28125,1.5497E-250
-12.25,1.6619E-249
-12.21875,1.7767E-248
-12.1875,1.8935E-247
-12.15625,2.0116E-246
-12.125,2.1303E-245
-12.09375,2.2488E-244
-12.0625,2.3665E-243
-12.03125,2.4825E-242
-12,2.5959E-241
-11.96875,2.7058E-240
-11.9375,2.8113E-239
-11.90625,2.9117E-238
-11.875,3.006E-237
-11.84375,3.0934E-236
-11.8125,3.1732E-235
-11.78125,3.2445E-234
-11.75,3.3067E-233
-11.71875,3.3593E-232
-11.6875,3.4016E-231
-11.65625,3.4333E-230
-11.625,3.454E-229
-11.59375,3.4636E-228
-11.5625,3.4618E-227
-11.53125,3.4487E-226
-11.5,3.4244E-225
-11.46875,3.3892E-224
-11.4375,3.3432E-223
-11.40625,3.2871E-222
-11.375,3.2211E-221
-11.34375,3.1461E-220
-11.3125,3.0626E-219
-11.28125,2.9715E-218
-11.25,2.8734E-217
-11.21875,2.7694E-216
-11.1875,2.6601E-215
-11.15625,2.5467E-214
-11.125,2.4298E-213
-11.09375,2.3106E-212
-11.0625,2.1897E-211
-11.03125,2.0682E-210
-11,1.9469E-209
-10.96875,1.8264E-208
-10.9375,1.7075E-207
-10.90625,1.591E-206
-10.875,1.4773E-205
-10.84375,1.3671E-204
-10.8125,1.2608E-203
-10.78125,1.1587E-202
-10.75,1.0612E-201
-10.71875,9.6861E-201
-10.6875,8.8101E-200
-10.65625,7.9856E-199
-10.625,7.2131E-198
-10.59375,6.4926E-197
-10.5625,5.8237E-196
-10.53125,5.2055E-195
-10.5,4.6366E-194
-10.46875,4.1153E-193
-10.4375,3.6398E-192
-10.40625,3.2079E-191
-10.375,2.8172E-190
-10.34375,2.4654E-189
-10.3125,2.1498E-188
-10.28125,1.8679E-187
-10.25,1.6172E-186
-10.21875,1.3952E-185
-10.1875,1.1993E-184
-10.15625,1.0272E-183
-10.125,8.7665E-183
-10.09375,7.4545E-182
-10.0625,6.316E-181
-10.03125,5.3319E-180
-10,4.4848E-179
-9.96875,3.7586E-178
-9.9375,3.1384E-177
-9.90625,2.611E-176
-9.875,2.1642E-175
-9.84375,1.7873E-174
-9.8125,1.4706E-173
-9.78125,1.2055E-172
-9.75,9.8458E-172
-9.71875,8.0114E-171
-9.6875,6.4945E-170
-9.65625,5.2451E-169
-9.625,4.2203E-168
-9.59375,3.3829E-167
-9.5625,2.7015E-166
-9.53125,2.1493E-165
-9.5,1.7034E-164
-9.46875,1.345E-163
-9.4375,1.0579E-162
-9.40625,8.2893E-162
-9.375,6.4704E-161
-9.34375,5.0313E-160
-9.3125,3.8973E-159
-9.28125,3.0073E-158
-9.25,2.3116E-157
-9.21875,1.7699E-156
-9.1875,1.35E-155
-9.15625,1.0256E-154
-9.125,7.762E-154
-9.09375,5.8513E-153
-9.0625,4.3937E-152
-9.03125,3.2862E-151
-9,2.4482E-150
-8.96875,1.8167E-149
-8.9375,1.3428E-148
-8.90625,9.8856E-148
-8.875,7.2488E-147
-8.84375,5.2941E-146
-8.8125,3.851E-145
-8.78125,2.7901E-144
-8.75,2.0133E-143
-8.71875,1.4469E-142
-8.6875,1.0357E-141
-8.65625,7.3832E-141
-8.625,5.2419E-140
-8.59375,3.7065E-139
-8.5625,2.6101E-138
-8.53125,1.8305E-137
-8.5,1.2785E-136
-8.46875,8.8927E-136
-8.4375,6.1599E-135
-8.40625,4.2492E-134
-8.375,2.919E-133
-8.34375,1.9968E-132
-8.3125,1.3603E-131
-8.28125,9.2279E-131
-8.25,6.2337E-130
-8.21875,4.1933E-129
-8.1875,2.8088E-128
-8.15625,1.8735E-127
-8.125,1.2443E-126
-8.09375,8.2289E-126
-8.0625,5.4188E-125
-8.03125,3.553E-124
-8,2.3196E-123
-7.96875,1.5079E-122
-7.9375,9.7596E-122
-7.90625,6.2894E-121
-7.875,4.0355E-120
-7.84375,2.578E-119
-7.8125,1.6397E-118
-7.78125,1.0383E-117
-7.75,6.546E-117
-7.71875,4.1088E-116
-7.6875,2.5675E-115
-7.65625,1.5973E-114
-7.625,9.8927E-114
-7.59375,6.0996E-113
-7.5625,3.744E-112
-7.53125,2.2878E-111
-7.5,1.3916E-110
-7.46875,8.4268E-110
-7.4375,5.0796E-109
-7.40625,3.048E-108
-7.375,1.8206E-107
-7.34375,1.0825E-106
-7.3125,6.4065E-106
-7.28125,3.7741E-105
-7.25,2.2131E-104
-7.21875,1.2917E-103
-7.1875,7.5039E-103
-7.15625,4.339E-102
-7.125,2.4972E-101
-7.09375,1.4304E-100
-7.0625,8.1552E-100
-7.03125,4.6274E-99
-7,2.61321E-98
-6.96875,1.46872E-97
-6.9375,8.21531E-97
-6.90625,4.57322E-96
-6.875,2.53353E-95
-6.84375,1.39678E-94
-6.8125,7.66346E-94
-6.78125,4.18414E-93
-6.75,2.27334E-92
-6.71875,1.22912E-91
-6.6875,6.61284E-91
-6.65625,3.54028E-90
-6.625,1.88598E-89
-6.59375,9.99715E-89
-6.5625,5.27292E-88
-6.53125,2.76727E-87
-6.5,1.44501E-86
-6.46875,7.50765E-86
-6.4375,3.88096E-85
-6.40625,1.99605E-84
-6.375,1.02139E-83
-6.34375,5.19987E-83
-6.3125,2.6337E-82
-6.28125,1.3271E-81
-6.25,6.65273E-81
-6.21875,3.31775E-80
-6.1875,1.646E-79
-6.15625,8.12355E-79
-6.125,3.9883E-78
-6.09375,1.9478E-77
-6.0625,9.4626E-77
-6.03125,4.57273E-76
-6,2.19802E-75
-5.96875,1.05092E-74
-5.9375,4.99782E-74
-5.90625,2.36405E-73
-5.875,1.11222E-72
-5.84375,5.20441E-72
-5.8125,2.4221E-71
-5.78125,1.12109E-70
-5.75,5.16074E-70
-5.71875,2.36263E-69
-5.6875,1.07567E-68
-5.65625,4.87035E-68
-5.625,2.19293E-67
-5.59375,9.81892E-67
-5.5625,4.37189E-66
-5.53125,1.93567E-65
-5.5,8.52196E-65
-5.46875,3.73066E-64
-5.4375,1.6239E-63
-5.40625,7.02832E-63
-5.375,3.02449E-62
-5.34375,1.29405E-61
-5.3125,5.50476E-61
-5.28125,2.32811E-60
-5.25,9.78901E-60
-5.21875,4.09196E-59
-5.1875,1.70049E-58
-5.15625,7.02509E-58
-5.125,2.88508E-57
-5.09375,1.17783E-56
-5.0625,4.77983E-56
-5.03125,1.92814E-55
-5,7.73126E-55
-4.96875,3.08132E-54
-4.9375,1.22064E-53
-4.90625,4.80606E-53
-4.875,1.88076E-52
-4.84375,7.31491E-52
-4.8125,2.82751E-51
-4.78125,1.08619E-50
-4.75,4.14675E-50
-4.71875,1.57324E-49
-4.6875,5.93137E-49
-4.65625,2.22218E-48
-4.625,8.2728E-48
-4.59375,3.06032E-47
-4.5625,1.12488E-46
-4.53125,4.10832E-46
-4.5,1.49082E-45
-4.46875,5.37498E-45
-4.4375,1.92535E-44
-4.40625,6.85184E-44
-4.375,2.42248E-43
-4.34375,8.50858E-43
-4.3125,2.96881E-42
-4.28125,1.02903E-41
-4.25,3.54303E-41
-4.21875,1.21175E-40
-4.1875,4.11655E-40
-4.15625,1.38905E-39
-4.125,4.65539E-39
-4.09375,1.54965E-38
-4.0625,5.12317E-38
-4.03125,1.68212E-37
-4,5.48497E-37
-3.96875,1.77615E-36
-3.9375,5.71157E-36
-3.90625,1.82386E-35
-3.875,5.78328E-35
-3.84375,1.82091E-34
-3.8125,5.6927E-34
-3.78125,1.76707E-33
-3.75,5.44599E-33
-3.71875,1.66639E-32
-3.6875,5.06216E-32
-3.65625,1.52666E-31
-3.625,4.57068E-31
-3.59375,1.35843E-30
-3.5625,4.00769E-30
-3.53125,1.17366E-29
-3.5,3.41161E-29
-3.46875,9.84322E-29
-3.4375,2.81875E-28
-3.40625,8.01134E-28
-3.375,2.25978E-27
-3.34375,6.32592E-27
-3.3125,1.75737E-26
-3.28125,4.84473E-26
-3.25,1.32534E-25
-3.21875,3.59765E-25
-3.1875,9.69014E-25
-3.15625,2.58968E-24
-3.125,6.8667E-24
-3.09375,1.80644E-23
-3.0625,4.71468E-23
-3.03125,1.22074E-22
-3,3.13556E-22
-2.96875,7.98941E-22
-2.9375,2.01932E-21
-2.90625,5.06255E-21
-2.875,1.2589E-20
-2.84375,3.10494E-20
-2.8125,7.59523E-20
-2.78125,1.84262E-19
-2.75,4.43324E-19
-2.71875,1.05774E-18
-2.6875,2.50263E-18
-2.65625,5.87157E-18
-2.625,1.36595E-17
-2.59375,3.15079E-17
-2.5625,7.206E-17
-2.53125,1.63396E-16
-2.5,3.67317E-16
-2.46875,8.18614E-16
-2.4375,1.80858E-15
-2.40625,3.96094E-15
-2.375,8.59892E-15
-2.34375,1.85037E-14
-2.3125,3.94659E-14
-2.28125,8.34295E-14
-2.25,1.74797E-13
-2.21875,3.62948E-13
-2.1875,7.46857E-13
-2.15625,1.52298E-12
-2.125,3.07748E-12
-2.09375,6.16205E-12
-2.0625,1.22255E-11
-2.03125,2.40327E-11
-2,4.68073E-11
-1.96875,9.03201E-11
-1.9375,1.72662E-10
-1.90625,3.26989E-10
-1.875,6.13448E-10
-1.84375,1.14002E-09
-1.8125,2.09855E-09
-1.78125,3.82632E-09
-1.75,6.91009E-09
-1.71875,1.23597E-08
-1.6875,2.18946E-08
-1.65625,3.8411E-08
-1.625,6.67337E-08
-1.59375,1.14813E-07
-1.5625,1.95603E-07
-1.53125,3.29976E-07
-1.5,5.51183E-07
-1.46875,9.11592E-07
-1.4375,1.49273E-06
-1.40625,2.42002E-06
-1.375,3.88419E-06
-1.34375,6.17179E-06
-1.3125,9.70812E-06
-1.28125,1.51167E-05
-1.25,2.33003E-05
-1.21875,3.55496E-05
-1.1875,5.36862E-05
-1.15625,8.02474E-05
-1.125,0.00011872
-1.09375,0.000173833
-1.0625,0.000251906
-1.03125,0.000361268
-1,0.000512736
-0.96875,0.000720143
-0.9375,0.001000902
-0.90625,0.001376576
-0.875,0.001873411
-0.84375,0.002522774
-0.8125,0.003361437
-0.78125,0.004431619
-0.75,0.005780692
-0.71875,0.007460488
-0.6875,0.009526092
-0.65625,0.012034084
-0.625,0.015040174
-0.59375,0.018596259
-0.5625,0.022746933
-0.53125,0.027525594
-0.5,0.032950313
-0.46875,0.039019728
-0.4375,0.04570924
-0.40625,0.052967867
-0.375,0.060716082
-0.34375,0.068844974
-0.3125,0.077216992
-0.28125,0.085668467
-0.25,0.094013959
-0.21875,0.102052374
-0.1875,0.109574613
-0.15625,0.116372381
-0.125,0.122247661
-0.09375,0.127022258
-0.0625,0.130546777
-0.03125,0.132708396
0,0.133436884
0.03125,0.132708396
0.0625,0.130546777
0.09375,0.127022258
0.125,0.122247661
0.15625,0.116372381
0.1875,0.109574613
0.21875,0.102052374
0.25,0.094013959
0.28125,0.085668467
0.3125,0.077216992
0.34375,0.068844974
0.375,0.060716082
0.40625,0.052967867
0.4375,0.04570924
0.46875,0.039019728
0.5,0.032950313
0.53125,0.027525594
0.5625,0.022746933
0.59375,0.018596259
0.625,0.015040174
0.65625,0.012034084
0.6875,0.009526092
0.71875,0.007460488
0.75,0.005780692
0.78125,0.004431619
0.8125,0.003361437
0.84375,0.002522774
0.875,0.001873411
0.90625,0.001376576
0.9375,0.001000902
0.96875,0.000720143
1,0.000512736
1.03125,0.000361268
1.0625,0.000251906
1.09375,0.000173833
1.125,0.00011872
1.15625,8.02474E-05
1.1875,5.36862E-05
1.21875,3.55496E-05
1.25,2.33003E-05
1.28125,1.51167E-05
1.3125,9.70812E-06
1.34375,6.17179E-06
1.375,3.88419E-06
1.40625,2.42002E-06
1.4375,1.49273E-06
1.46875,9.11592E-07
1.5,5.51183E-07
1.53125,3.29976E-07
1.5625,1.95603E-07
1.59375,1.14813E-07
1.625,6.67337E-08
1.65625,3.8411E-08
1.6875,2.18946E-08
1.71875,1.23597E-08
1.75,6.91009E-09
1.78125,3.82632E-09
1.8125,2.09855E-09
1.84375,1.14002E-09
1.875,6.13448E-10
1.90625,3.26989E-10
1.9375,1.72662E-10
1.96875,9.03201E-11
2,4.68073E-11
2.03125,2.40327E-11
2.0625,1.22255E-11
2.09375,6.16205E-12
2.125,3.07748E-12
2.15625,1.52298E-12
2.1875,7.46857E-13
2.21875,3.62948E-13
2.25,1.74797E-13
2.28125,8.34295E-14
2.3125,3.94659E-14
2.34375,1.85037E-14
2.375,8.59892E-15
2.40625,3.96094E-15
2.4375,1.80858E-15
2.46875,8.18614E-16
2.5,3.67317E-16
2.53125,1.63396E-16
2.5625,7.206E-17
2.59375,3.15079E-17
2.625,1.36595E-17
2.65625,5.87157E-18
2.6875,2.50263E-18
2.71875,1.05774E-18
2.75,4.43324E-19
2.78125,1.84262E-19
2.8125,7.59523E-20
2.84375,3.10494E-20
2.875,1.2589E-20
2.90625,5.06255E-21
2.9375,2.01932E-21
2.96875,7.98941E-22
3,3.13556E-22
3.03125,1.22074E-22
3.0625,4.71468E-23
3.09375,1.80644E-23
3.125,6.8667E-24
3.15625,2.58968E-24
3.1875,9.69014E-25
3.21875,3.59765E-25
3.25,1.32534E-25
3.28125,4.84473E-26
3.3125,1.75737E-26
3.34375,6.32592E-27
3.375,2.25978E-27
3.40625,8.01134E-28
3.4375,2.81875E-28
3.46875,9.84322E-29
3.5,3.41161E-29
3.53125,1.17366E-29
3.5625,4.00769E-30
3.59375,1.35843E-30
3.625,4.57068E-31
3.65625,1.52666E-31
3.6875,5.06216E-32
3.71875,1.66639E-32
3.75,5.44599E-33
3.78125,1.76707E-33
3.8125,5.6927E-34
3.84375,1.82091E-34
3.875,5.78328E-35
3.90625,1.82386E-35
3.9375,5.71157E-36
3.96875,1.77615E-36
4,5.48497E-37
4.03125,1.68212E-37
4.0625,5.12317E-38
4.09375,1.54965E-38
4.125,4.65539E-39
4.15625,1.38905E-39
4.1875,4.11655E-40
4.21875,1.21175E-40
4.25,3.54303E-41
4.28125,1.02903E-41
4.3125,2.96881E-42
4.34375,8.50858E-43
4.375,2.42248E-43
4.40625,6.85184E-44
4.4375,1.92535E-44
4.46875,5.37498E-45
4.5,1.49082E-45
4.53125,4.10832E-46
4.5625,1.12488E-46
4.59375,3.06032E-47
4.625,8.2728E-48
4.65625,2.22218E-48
4.6875,5.93137E-49
4.71875,1.57324E-49
4.75,4.14675E-50
4.78125,1.08619E-50
4.8125,2.82751E-51
4.84375,7.31491E-52
4.875,1.88076E-52
4.90625,4.80606E-53
4.9375,1.22064E-53
4.96875,3.08132E-54
5,7.73126E-55
5.03125,1.92814E-55
5.0625,4.77983E-56
5.09375,1.17783E-56
5.125,2.88508E-57
5.15625,7.02509E-58
5.1875,1.70049E-58
5.21875,4.09196E-59
5.25,9.78901E-60
5.28125,2.32811E-60
5.3125,5.50476E-61
5.34375,1.29405E-61
5.375,3.02449E-62
5.40625,7.02832E-63
5.4375,1.6239E-63
5.46875,3.73066E-64
5.5,8.52196E-65
5.53125,1.93567E-65
5.5625,4.37189E-66
5.59375,9.81892E-67
5.625,2.19293E-67
5.65625,4.87035E-68
5.6875,1.07567E-68
5.71875,2.36263E-69
5.75,5.16074E-70
5.78125,1.12109E-70
5.8125,2.4221E-71
5.84375,5.20441E-72
5.875,1.11222E-72
5.90625,2.36405E-73
5.9375,4.99782E-74
5.96875,1.05092E-74
6,2.19802E-75
6.03125,4.57273E-76
6.0625,9.4626E-77
6.09375,1.9478E-77
6.125,3.9883E-78
6.15625,8.12355E-79
6.1875,1.646E-79
6.21875,3.31775E-80
6.25,6.65273E-81
6.28125,1.3271E-81
6.3125,2.6337E-82
6.34375,5.19987E-83
6.375,1.02139E-83
6.40625,1.99605E-84
6.4375,3.88096E-85
6.46875,7.50765E-86
6.5,1.44501E-86
6.53125,2.76727E-87
6.5625,5.27292E-88
6.59375,9.99715E-89
6.625,1.88598E-89
6.65625,3.54028E-90
6.6875,6.61284E-91
6.71875,1.22912E-91
6.75,2.27334E-92
6.78125,4.18414E-93
6.8125,7.66346E-94
6.84375,1.39678E-94
6.875,2.53353E-95
6.90625,4.57322E-96
6.9375,8.21531E-97
6.96875,1.46872E-97
7,2.61321E-98
7.03125,4.6274E-99
7.0625,8.1552E-100
7.09375,1.4304E-100
7.125,2.4972E-101
7.15625,4.339E-102
7.1875,7.5039E-103
7.21875,1.2917E-103
7.25,2.2131E-104
7.28125,3.7741E-105
7.3125,6.4065E-106
7.34375,1.0825E-106
7.375,1.8206E-107
7.40625,3.048E-108
7.4375,5.0796E-109
7.46875,8.4268E-110
7.5,1.3916E-110
7.53125,2.2878E-111
7.5625,3.744E-112
7.59375,6.0996E-113
7.625,9.8927E-114
7.65625,1.5973E-114
7.6875,2.5675E-115
7.71875,4.1088E-116
7.75,6.546E-117
7.78125,1.0383E-117
7.8125,1.6397E-118
7.84375,2.578E-119
7.875,4.0355E-120
7.90625,6.2894E-121
7.9375,9.7596E-122
7.96875,1.5079E-122
8,2.3196E-123
8.03125,3.553E-124
8.0625,5.4188E-125
8.09375,8.2289E-126
8.125,1.2443E-126
8.15625,1.8735E-127
8.1875,2.8088E-128
8.21875,4.1933E-129
8.25,6.2337E-130
8.28125,9.2279E-131
8.3125,1.3603E-131
8.34375,1.9968E-132
8.375,2.919E-133
8.40625,4.2492E-134
8.4375,6.1599E-135
8.46875,8.8927E-136
8.5,1.2785E-136
8.53125,1.8305E-137
8.5625,2.6101E-138
8.59375,3.7065E-139
8.625,5.2419E-140
8.65625,7.3832E-141
8.6875,1.0357E-141
8.71875,1.4469E-142
8.75,2.0133E-143
8.78125,2.7901E-144
8.8125,3.851E-145
8.84375,5.2941E-146
8.875,7.2488E-147
8.90625,9.8856E-148
8.9375,1.3428E-148
8.96875,1.8167E-149
9,2.4482E-150
9.03125,3.2862E-151
9.0625,4.3937E-152
9.09375,5.8513E-153
9.125,7.762E-154
9.15625,1.0256E-154
9.1875,1.35E-155
9.21875,1.7699E-156
9.25,2.3116E-157
9.28125,3.0073E-158
9.3125,3.8973E-159
9.34375,5.0313E-160
9.375,6.4704E-161
9.40625,8.2893E-162
9.4375,1.0579E-162
9.46875,1.345E-163
9.5,1.7034E-164
9.53125,2.1493E-165
9.5625,2.7015E-166
9.59375,3.3829E-167
9.625,4.2203E-168
9.65625,5.2451E-169
9.6875,6.4945E-170
9.71875,8.0114E-171
9.75,9.8458E-172
9.78125,1.2055E-172
9.8125,1.4706E-173
9.84375,1.7873E-174
9.875,2.1642E-175
9.90625,2.611E-176
9.9375,3.1384E-177
9.96875,3.7586E-178
10,4.4848E-179
10.03125,5.3319E-180
10.0625,6.316E-181
10.09375,7.4545E-182
10.125,8.7665E-183
10.15625,1.0272E-183
10.1875,1.1993E-184
10.21875,1.3952E-185
10.25,1.6172E-186
10.28125,1.8679E-187
10.3125,2.1498E-188
10.34375,2.4654E-189
10.375,2.8172E-190
10.40625,3.2079E-191
10.4375,3.6398E-192
10.46875,4.1153E-193
10.5,4.6366E-194
10.53125,5.2055E-195
10.5625,5.8237E-196
10.59375,6.4926E-197
10.625,7.2131E-198
10.65625,7.9856E-199
10.6875,8.8101E-200
10.71875,9.6861E-201
10.75,1.0612E-201
10.78125,1.1587E-202
10.8125,1.2608E-203
10.84375,1.3671E-204
10.875,1.4773E-205
10.90625,1.591E-206
10.9375,1.7075E-207
10.96875,1.8264E-208
11,1.9469E-209
11.03125,2.0682E-210
11.0625,2.1897E-211
11.09375,2.3106E-212
11.125,2.4298E-213
11.15625,2.5467E-214
11.1875,2.6601E-215
11.21875,2.7694E-216
11.25,2.8734E-217
11.28125,2.9715E-218
11.3125,3.0626E-219
11.34375,3.1461E-220
11.375,3.2211E-221
11.40625,3.2871E-222
11.4375,3.3432E-223
11.46875,3.3892E-224
11.5,3.4244E-225
11.53125,3.4487E-226
11.5625,3.4618E-227
11.59375,3.4636E-228
11.625,3.454E-229
11.65625,3.4333E-230
11.6875,3.4016E-231
11.71875,3.3593E-232
11.75,3.3067E-233
11.78125,3.2445E-234
11.8125,3.1732E-235
11.84375,3.0934E-236
11.875,3.006E-237
11.90625,2.9117E-238
11.9375,2.8113E-239
11.96875,2.7058E-240
12,2.5959E-241
12.03125,2.4825E-242
12.0625,2.3665E-243
12.09375,2.2488E-244
12.125,2.1303E-245
12.15625,2.0116E-246
12.1875,1.8935E-247
12.21875,1.7767E-248
12.25,1.6619E-249
12.28125,1.5497E-250
12.3125,1.4405E-251
12.34375,1.3349E-252
12.375,1.2331E-253
12.40625,1.1356E-254
12.4375,1.0425E-255
12.46875,9.5407E-257
12.5,8.7045E-258
12.53125,7.9171E-259
12.5625,7.1788E-260
12.59375,6.4893E-261
12.625,5.848E-262
12.65625,5.2539E-263
12.6875,4.7058E-264
12.71875,4.2019E-265
12.75,3.7406E-266
12.78125,3.3198E-267
12.8125,2.9374E-268
12.84375,2.5911E-269
12.875,2.2788E-270
12.90625,1.998E-271
12.9375,1.7466E-272
12.96875,1.5222E-273
13,1.3226E-274
13.03125,1.1458E-275
13.0625,9.8961E-277
13.09375,8.5217E-278
13.125,7.3163E-279
13.15625,6.2626E-280
13.1875,5.3448E-281
13.21875,4.548E-282
13.25,3.8584E-283
13.28125,3.2637E-284
13.3125,2.7526E-285
13.34375,2.3146E-286
13.375,1.9406E-287
13.40625,1.6222E-288
13.4375,1.3521E-289
13.46875,1.1237E-290
13.5,9.3112E-292
13.53125,7.6929E-293
13.5625,6.3374E-294
13.59375,5.2055E-295
13.625,4.2634E-296
13.65625,3.4816E-297
13.6875,2.835E-298
13.71875,2.3018E-299
13.75,1.8634E-300
13.78125,1.5042E-301
13.8125,1.2108E-302
13.84375,9.7178E-304
13.875,7.7772E-305
13.90625,6.2062E-306
13.9375,4.9385E-307
13.96875,3.9185E-308
14,0
14.03125,0
14.0625,0
14.09375,0
14.125,0
14.15625,0
14.1875,0
14.21875,0
14.25,0
14.28125,0
14.3125,0
14.34375,0
14.375,0
14.40625,0
14.4375,0
14.46875,0
14.5,0
14.53125,0
14.5625,0
14.59375,0
14.625,0
14.65625,0
14.6875,0
14.71875,0
14.75,0
14.78125,0
14.8125,0
14.84375,0
14.875,0
14.90625,0
14.9375,0
14.96875,0
15,0
15.03125,0
15.0625,0
15.09375,0
15.125,0
15.15625,0
15.1875,0
15.21875,0
15.25,0
15.28125,0
15.3125,0
15.34375,0
15.375,0
15.40625,0
15.4375,0
15.46875,0
15.5,0
15.53125,0
15.5625,0
15.59375,0
15.625,0
15.65625,0
15.6875,0
15.71875,0
15.75,0
15.78125,0
15.8125,0
15.84375,0
15.875,0
15.90625,0
15.9375,0
15.96875,0
16,0
